model,threshold,net_benefit,treat_all_nb,advantage
Logistic Regression,0.01,0.453551912568306,0.453551912568306,0.0
Logistic Regression,0.015,0.4508014913809259,0.4508014913809259,0.0
Logistic Regression,0.0199,0.44802324290210177,0.44802324290210177,0.0
Logistic Regression,0.0249,0.4452167426721142,0.4452167426721142,0.0
Logistic Regression,0.0298,0.4423815575545442,0.4423815575545442,0.0
Logistic Regression,0.0348,0.4395172455134262,0.4395172455134262,0.0
Logistic Regression,0.0397,0.4366233553834964,0.4366233553834964,0.0
Logistic Regression,0.0447,0.4336994266332876,0.4336994266332876,0.0
Logistic Regression,0.0497,0.4307449891208076,0.4307449891208076,0.0
Logistic Regression,0.0546,0.4296539162112933,0.42775956284153005,0.0018943533697632353
Logistic Regression,0.0596,0.42681985377594117,0.4247426576684133,0.002077196107527879
Logistic Regression,0.0645,0.4239557500751047,0.4216937730836519,0.0022619769914528076
Logistic Regression,0.0695,0.4058920457826081,0.41861239790185256,-0.012720352119244438
Logistic Regression,0.0745,0.4043795229320656,0.4154980099843121,-0.011118487052246495
Logistic Regression,0.0794,0.40585554915414024,0.41235007594406325,-0.006494526789923016
Logistic Regression,0.0844,0.4033484990732048,0.4091680508413375,-0.0058195517681327025
Logistic Regression,0.0893,0.40242218144577546,0.40595137786907937,-0.003529196423303904
Logistic Regression,0.0943,0.3999586285359673,0.4026994880281326,-0.002740859492165293
Logistic Regression,0.0992,0.3974679556295776,0.3994117997916982,-0.0019438441621206226
Logistic Regression,0.1042,0.39685664195860115,0.3960877187586504,0.0007689231999507551
Logistic Regression,0.1092,0.3964209995654601,0.3927266372952753,0.0036943622701848255
Logistic Regression,0.1141,0.39405220647464784,0.38932793416497946,0.004724272309668376
Logistic Regression,0.1191,0.3916567494913701,0.385890974145494,0.0057657753458760785
Logistic Regression,0.124,0.3915554269466427,0.3824151076330788,0.009140319313563905
Logistic Regression,0.129,0.3892118020133963,0.37889967023320914,0.01031213178018714
Logistic Regression,0.1339,0.38684134341605875,0.3753439823372029,0.01149736107885585
Logistic Regression,0.1389,0.38444358764740416,0.37174734868422105,0.012696238963183115
Logistic Regression,0.1439,0.38477282820676206,0.36810905790804993,0.016663770298712133
Logistic Regression,0.1488,0.38529688331992706,0.36442838206804357,0.020868501251883498
Logistic Regression,0.1538,0.3830400312566135,0.36070457616357626,0.02233545509303725
Logistic Regression,0.1587,0.3807565776007048,0.35693687763132687,0.02381969996937794
Logistic Regression,0.1637,0.3784460492330399,0.3531245058246798,0.025321543408360125
Logistic Regression,0.1687,0.37610796174808153,0.3492666614744985,0.026841300273583057
Logistic Regression,0.1736,0.37374181911534754,0.3453625261304874,0.02837929298486014
Logistic Regression,0.1786,0.37491090520313614,0.3414112615823236,0.033499643620812536
Logistic Regression,0.1835,0.37629328671989415,0.33741200925969667,0.03888127746019748
Logistic Regression,0.1885,0.37789287308789854,0.33336388961035657,0.04452898347754197
Logistic Regression,0.1934,0.3836454999163077,0.3292660014552212,0.05437949846108647
Logistic Regression,0.1984,0.385817326282612,0.3251174213195527,0.060699904963059326
Logistic Regression,0.2034,0.3840354153697171,0.32091720273915747,0.06311821263055961
Logistic Regression,0.2083,0.3822311856490818,0.3166643755405173,0.06556681010856452
Logistic Regression,0.2133,0.3804042151564924,0.3123579450936993,0.06804627006279312
Logistic Regression,0.2182,0.37855407122327894,0.30799689153683896,0.07055717968643999
Logistic Regression,0.2232,0.37668031013470854,0.3035801689709231,0.07310014116378544
Logistic Regression,0.2282,0.3747824767752126,0.29910670462353983,0.07567577215167276
Logistic Regression,0.2331,0.37286010425985205,0.2945753979801899,0.07828470627966216
Logistic Regression,0.2381,0.3760348733562713,0.2899851198816823,0.08604975347458899
Logistic Regression,0.243,0.35780945170777156,0.2853347115860583,0.07247474012171329
Logistic Regression,0.248,0.35595331651672774,0.28062298379340855,0.07533033272331918
Logistic Regression,0.2529,0.3540725442106622,0.27584871563185753,0.07822382857880467
Logistic Regression,0.2579,0.3578637846186403,0.27101065360290033,0.08685313101573999
Logistic Regression,0.2629,0.3560808234845596,0.2661075104841784,0.0899733130003812
Logistic Regression,0.2678,0.3542737157403766,0.2611379641876751,0.09313575155270148
Logistic Regression,0.2728,0.3524419675162059,0.2561006565712056,0.09634131094500026
Logistic Regression,0.2777,0.35058507138156947,0.25099419220095553,0.09959087918061393
Logistic Regression,0.2827,0.3616236729300782,0.2458171370627007,0.11580653586737749
Logistic Regression,0.2876,0.36003303055326175,0.24056801721920645,0.11946501333405529
Logistic Regression,0.2926,0.3584200912174925,0.2352453174111681,0.12317477380632441
Logistic Regression,0.2976,0.3567843827895328,0.22984747959890092,0.12693690319063186
Logistic Regression,0.3025,0.3551254197116334,0.2243729014418329,0.13075251826980053
Logistic Regression,0.3075,0.35344270252098164,0.21881993471268207,0.13462276780829957
Logistic Regression,0.3124,0.3517357173483576,0.21318688364302288,0.13854883370533475
Logistic Regression,0.3174,0.3336104927719913,0.20747200319675158,0.1261384895752397
Logistic Regression,0.3224,0.315459927140255,0.20167349726775957,0.11378642987249543
Logistic Regression,0.3273,0.31367690275544996,0.19578951679790296,0.117887385957547
Logistic Regression,0.3323,0.2954739574092336,0.1898181578111267,0.10565579959810689
Logistic Regression,0.3372,0.2936373821208172,0.1837574593593525,0.10987992276146469
Logistic Regression,0.3422,0.3003007279459192,0.17760540137547431,0.12269532657044491
Logistic Regression,0.3471,0.29859741005129675,0.17135990242852528,0.12723750762277147
Logistic Regression,0.3521,0.29686802321872807,0.1650188173757734,0.13184920584295468
Logistic Regression,0.3571,0.29511196436338544,0.15857993490618388,0.13653202945720155
Logistic Regression,0.362,0.2933286116533365,0.15204097496933783,0.14128763668399869
Logistic Regression,0.367,0.2915173237753883,0.14539958608352754,0.14611773769186076
Logistic Regression,0.3719,0.2896774391661585,0.13865334251635175,0.15102409664980676
Logistic Regression,0.3769,0.287808275206438,0.13179974133070982,0.15600853387572816
Logistic Regression,0.3818,0.28590912737678176,0.12483619928863687,0.16107292808814488
Logistic Regression,0.3868,0.29432036970055064,0.1177600496049353,0.17656032009561534
Logistic Regression,0.3918,0.2925769730792402,0.11056853854202991,0.18200843453721027
Logistic Regression,0.3967,0.2908049205446669,0.10325882183691504,0.18754609870775185
Logistic Regression,0.4017,0.289003499723706,0.09582796095045126,0.19317553877325472
Logistic Regression,0.4066,0.287171974433566,0.0882729191286239,0.19889905530494212
Logistic Regression,0.4116,0.2853095836786679,0.08059055726466907,0.2047190264139988
Logistic Regression,0.4166,0.2834155405963784,0.0727776295502251,0.21063791104615331
Logistic Regression,0.4215,0.2814890313485297,0.064830778902849,0.2166582524456807
Logistic Regression,0.4265,0.27952921395544345,0.05674653215636821,0.22278268179907523
Logistic Regression,0.4314,0.2775352170689513,0.04852129499958807,0.22901392206936322
Logistic Regression,0.4364,0.27550613868065416,0.04015134664786241,0.23535479203279175
Logistic Regression,0.4413,0.27344104476139747,0.03163283423092855,0.24180821053046891
Logistic Regression,0.4463,0.2713389678276511,0.022961766879224965,0.24837720094842614
Logistic Regression,0.4513,0.26919890543017094,0.014134009489619181,0.25506489594055176
Logistic Regression,0.4562,0.26701981855998136,0.00514527615008703,0.26187454240989433
Logistic Regression,0.4612,0.264800629966354,-0.004008876798625549,0.26880950676497956
Logistic Regression,0.4661,0.26254022238106167,-0.013333058087956429,0.2758732804690181
Logistic Regression,0.4711,0.2602374366427562,-0.02283204925846638,0.2830694859012226
Logistic Regression,0.4761,0.25789106971485665,-0.032510812836052394,0.29040188255090904
Logistic Regression,0.481,0.25549987258982415,-0.042374500976811336,0.2978743735666355
Logistic Regression,0.486,0.2530625480721558,-0.05242846461219347,0.30549101268434925
Logistic Regression,0.4909,0.2505777484318257,-0.06267826312855512,0.3132560115603808
Logistic Regression,0.4959,0.248044072919257,-0.07312967461790082,0.3211737475371578
Logistic Regression,0.5008,0.24546006513219623,-0.08378870673952649,0.32924877187172275
Logistic Regression,0.5058,0.2428242102240892,-0.09466160823546804,0.3374858184595573
Logistic Regression,0.5108,0.2401349319427158,-0.10575488114613335,0.34588981308884914
Logistic Regression,0.5157,0.2373905894869191,-0.11707529377629472,0.3544658832632138
Logistic Regression,0.5207,0.23458947416825693,-0.12862989446577616,0.3632193686340331
Logistic Regression,0.5256,0.23172980586330566,-0.1404260262237002,0.37215583208700587
Logistic Regression,0.5306,0.24733966062697724,-0.15247134229015175,0.399811002917129
Logistic Regression,0.5355,0.24473004357149847,-0.1647738226945516,0.40950386626605007
Logistic Regression,0.5405,0.24206411071270098,-0.17734179188602545,0.41940590259872645
Logistic Regression,0.5455,0.25901275651691624,-0.19018393751761647,0.4491966940345327
Logistic Regression,0.5504,0.2566263214340432,-0.20330933047341831,0.4599356519074615
Logistic Regression,0.5554,0.23779322139977882,-0.21672744623564294,0.45452066763542176
Logistic Regression,0.5603,0.23529854113400514,-0.2304481876973981,0.4657467288314032
Logistic Regression,0.5653,0.2327469553450609,-0.2444819095365915,0.4772288648816524
Logistic Regression,0.5703,0.23013649448316098,-0.25883944427704103,0.488975938760202
Logistic Regression,0.5752,0.22746509704723455,-0.27353213017463623,0.5009972272218708
Logistic Regression,0.5802,0.24738479308036596,-0.28857184107942085,0.5359566341597868
Logistic Regression,0.5851,0.2450515843895377,-0.30397101843888746,0.5490226028284252
Logistic Regression,0.5901,0.24266193481606946,-0.31974270562377777,0.5624046404398473
Logistic Regression,0.595,0.24021377130824373,-0.3359005847754278,0.5761143560836715
Logistic Regression,0.6,0.23770491803278693,-0.3524590163934425,0.5901639344262295
SVM,0.01,0.453551912568306,0.453551912568306,0.0
SVM,0.015,0.4508014913809259,0.4508014913809259,0.0
SVM,0.0199,0.44802324290210177,0.44802324290210177,0.0
SVM,0.0249,0.4452167426721142,0.4452167426721142,0.0
SVM,0.0298,0.4423815575545442,0.4423815575545442,0.0
SVM,0.0348,0.4395172455134262,0.4395172455134262,0.0
SVM,0.0397,0.4366233553834964,0.4366233553834964,0.0
SVM,0.0447,0.4336994266332876,0.4336994266332876,0.0
SVM,0.0497,0.4307449891208076,0.4307449891208076,0.0
SVM,0.0546,0.42870673952641164,0.42775956284153005,0.0009471766848815899
SVM,0.0596,0.41042641115299033,0.4247426576684133,-0.014316246515422959
SVM,0.0645,0.4086932959478803,0.4216937730836519,-0.013000477135771626
SVM,0.0695,0.4095651362863145,0.41861239790185256,-0.009047261615538038
SVM,0.0745,0.4096544785027699,0.4154980099843121,-0.005843531481542152
SVM,0.0794,0.40868381082071964,0.41235007594406325,-0.003666265123343615
SVM,0.0844,0.40636961074600997,0.4091680508413375,-0.002798440095327537
SVM,0.0893,0.4040302122207313,0.40595137786907937,-0.0019211656483480444
SVM,0.0943,0.4016652014273155,0.4026994880281326,-0.0010342866008171137
SVM,0.0992,0.3992741554371814,0.3994117997916982,-0.00013764435451679713
SVM,0.1042,0.39685664195860115,0.3960877187586504,0.0007689231999507551
SVM,0.1092,0.39441221907614654,0.3927266372952753,0.001685581780871248
SVM,0.1141,0.3919404349813859,0.38932793416497946,0.00261250081640646
SVM,0.1191,0.3894408276944874,0.385890974145494,0.003549853548993398
SVM,0.124,0.3915554269466427,0.3824151076330788,0.009140319313563905
SVM,0.129,0.3916395815045906,0.37889967023320914,0.012739911271381466
SVM,0.1339,0.38937687102531393,0.3753439823372029,0.014032888688111034
SVM,0.1389,0.38708810415523454,0.37174734868422105,0.01534075547101349
SVM,0.1439,0.38477282820676206,0.36810905790804993,0.016663770298712133
SVM,0.1488,0.3824305799449398,0.36442838206804357,0.01800219787689622
SVM,0.1538,0.3800608852784606,0.36070457616357626,0.01935630911488434
SVM,0.1587,0.37766325893975644,0.35693687763132687,0.020726381308429576
SVM,0.1637,0.3784460492330399,0.3531245058246798,0.025321543408360125
SVM,0.1687,0.38608521010882013,0.3492666614744985,0.03681854863432166
SVM,0.1736,0.3875180454562125,0.3453625261304874,0.04215551932572509
SVM,0.1786,0.3856022808267997,0.3414112615823236,0.044191019244476104
SVM,0.1835,0.3836632493976473,0.33741200925969667,0.04625124013795062
SVM,0.1885,0.3817005247191793,0.33336388961035657,0.048336635108822745
SVM,0.1934,0.3797136698560834,0.3292660014552212,0.05044766840086218
SVM,0.1984,0.37770223706303196,0.3251174213195527,0.052584815743479285
SVM,0.2034,0.37566576744829494,0.32091720273915747,0.05474856470913747
SVM,0.2083,0.3779174881368968,0.3166643755405173,0.0612531125963795
SVM,0.2133,0.37596001975197957,0.3123579450936993,0.06360207465828027
SVM,0.2182,0.3739777226806794,0.30799689153683896,0.06598083114384046
SVM,0.2232,0.37668031013470854,0.3035801689709231,0.07310014116378544
SVM,0.2282,0.3796282249212454,0.29910670462353983,0.0805215202977056
SVM,0.2331,0.3828262251969692,0.2945753979801899,0.08825082721677929
SVM,0.2381,0.38115703316114824,0.2899851198816823,0.09117191327946594
SVM,0.243,0.37946597559910317,0.2853347115860583,0.09413126401304489
SVM,0.248,0.3777526200381396,0.28062298379340855,0.09712963624473103
SVM,0.2529,0.37601652252484835,0.27584871563185753,0.10016780689299082
SVM,0.2579,0.3578637846186403,0.27101065360290033,0.08685313101573999
SVM,0.2629,0.3619265472105731,0.2661075104841784,0.09581903672639469
SVM,0.2678,0.3662663478164341,0.2611379641876751,0.10512838362875898
SVM,0.2728,0.36473989096295845,0.2561006565712056,0.10863923439175283
SVM,0.2777,0.3631924775174281,0.25099419220095553,0.11219828531647258
SVM,0.2827,0.3452302303071274,0.2458171370627007,0.09941309324442671
SVM,0.2876,0.34363958793031096,0.24056801721920645,0.10307157071110451
SVM,0.2926,0.3420266485945418,0.2352453174111681,0.10678133118337368
SVM,0.2976,0.340390940166582,0.22984747959890092,0.11054346056768108
SVM,0.3025,0.33873197708868263,0.2243729014418329,0.11435907564684974
SVM,0.3075,0.32065581727508,0.21881993471268207,0.10183588256239795
SVM,0.3124,0.318948832102456,0.21318688364302288,0.10576194845943312
SVM,0.3174,0.31721705014904045,0.20747200319675158,0.10974504695228887
SVM,0.3224,0.315459927140255,0.20167349726775957,0.11378642987249543
SVM,0.3273,0.31367690275544996,0.19578951679790296,0.117887385957547
SVM,0.3323,0.31186740003218444,0.1898181578111267,0.12204924222105773
SVM,0.3372,0.31003082474376803,0.1837574593593525,0.12627336538441553
SVM,0.3422,0.30816656474865345,0.17760540137547431,0.13056116337317913
SVM,0.3471,0.306273989310184,0.17135990242852528,0.13491408688165873
SVM,0.3521,0.29686802321872807,0.1650188173757734,0.13184920584295468
SVM,0.3571,0.29511196436338544,0.15857993490618388,0.13653202945720155
SVM,0.362,0.2933286116533365,0.15204097496933783,0.14128763668399869
SVM,0.367,0.2915173237753883,0.14539958608352754,0.14611773769186076
SVM,0.3719,0.2896774391661585,0.13865334251635175,0.15102409664980676
SVM,0.3769,0.287808275206438,0.13179974133070982,0.15600853387572816
SVM,0.3818,0.28590912737678176,0.12483619928863687,0.16107292808814488
SVM,0.3868,0.28397926837213583,0.1177600496049353,0.16621921876720053
SVM,0.3918,0.28201794717316164,0.11056853854202991,0.17144940863113173
SVM,0.3967,0.28002438807176666,0.10325882183691504,0.17676556623485162
SVM,0.4017,0.27799778964818567,0.09582796095045126,0.1821698286977344
SVM,0.4066,0.2759373236967782,0.0882729191286239,0.1876644045681543
SVM,0.4116,0.2853095836786679,0.08059055726466907,0.2047190264139988
SVM,0.4166,0.2834155405963784,0.0727776295502251,0.21063791104615331
SVM,0.4215,0.2814890313485297,0.064830778902849,0.2166582524456807
SVM,0.4265,0.27952921395544345,0.05674653215636821,0.22278268179907523
SVM,0.4314,0.2775352170689513,0.04852129499958807,0.22901392206936322
SVM,0.4364,0.27550613868065416,0.04015134664786241,0.23535479203279175
SVM,0.4413,0.27344104476139747,0.03163283423092855,0.24180821053046891
SVM,0.4463,0.2713389678276511,0.022961766879224965,0.24837720094842614
SVM,0.4513,0.2826801897923832,0.014134009489619181,0.268546180302764
SVM,0.4562,0.28077348878096725,0.00514527615008703,0.2756282126308802
SVM,0.4612,0.2788316987615434,-0.004008876798625549,0.28284057556016895
SVM,0.4661,0.2768538421244126,-0.013333058087956429,0.29018690021236904
SVM,0.4711,0.27483890460339533,-0.02283204925846638,0.2976709538618617
SVM,0.4761,0.2727858335414831,-0.032510812836052394,0.3052966463775355
SVM,0.481,0.27069353605707974,-0.042374500976811336,0.3130680370338911
SVM,0.486,0.2685608771041199,-0.05242846461219347,0.3209893417163134
SVM,0.4909,0.26638667741883104,-0.06267826312855512,0.32906494054738616
SVM,0.4959,0.2641697113453335,-0.07312967461790082,0.33729938596323433
SVM,0.5008,0.24551526190870454,-0.08378870673952649,0.329303968648231
SVM,0.5058,0.24320888886411085,-0.09466160823546804,0.3378704970995789
SVM,0.5108,0.2579700514160533,-0.10575488114613335,0.36372493256218663
SVM,0.5157,0.23951835195125493,-0.11707529377629472,0.35659364572754965
SVM,0.5207,0.23741751546225828,-0.12862989446577616,0.3660474099280344
SVM,0.5256,0.23527276423354482,-0.1404260262237002,0.375698790457245
SVM,0.5306,0.2516126381527589,-0.15247134229015175,0.40408398044291066
SVM,0.5355,0.2497486259702741,-0.1647738226945516,0.4145224486648257
SVM,0.5405,0.24784438821399019,-0.17734179188602545,0.42518618010001563
SVM,0.5455,0.24589860857284002,-0.19018393751761647,0.4360825460904565
SVM,0.5504,0.24390991267044582,-0.20330933047341831,0.44721924314386413
SVM,0.5554,0.2418768648276845,-0.21672744623564294,0.45860431106332744
SVM,0.5603,0.23979796460620645,-0.2304481876973981,0.47024615230360456
SVM,0.5653,0.23767164311541958,-0.2444819095365915,0.4821535526520111
SVM,0.5703,0.2354962590638363,-0.25883944427704103,0.49433570334087734
SVM,0.5752,0.23327009453389763,-0.27353213017463623,0.5068022247085339
SVM,0.5802,0.21459790783446428,-0.28857184107942085,0.5031697489138851
SVM,0.5851,0.21226469914363602,-0.30397101843888746,0.5162357175825235
SVM,0.5901,0.20987504957016778,-0.31974270562377777,0.5296177551939456
SVM,0.595,0.20742688606234205,-0.3359005847754278,0.5433274708377698
SVM,0.6,0.20491803278688525,-0.3524590163934425,0.5573770491803278
Random Forest,0.01,0.453551912568306,0.453551912568306,0.0
Random Forest,0.015,0.4508014913809259,0.4508014913809259,0.0
Random Forest,0.0199,0.44802324290210177,0.44802324290210177,0.0
Random Forest,0.0249,0.4452167426721142,0.4452167426721142,0.0
Random Forest,0.0298,0.4423815575545442,0.4423815575545442,0.0
Random Forest,0.0348,0.4395172455134262,0.4395172455134262,0.0
Random Forest,0.0397,0.4366233553834964,0.4366233553834964,0.0
Random Forest,0.0447,0.4336994266332876,0.4336994266332876,0.0
Random Forest,0.0497,0.4307449891208076,0.4307449891208076,0.0
Random Forest,0.0546,0.42775956284153005,0.42775956284153005,0.0
Random Forest,0.0596,0.4247426576684133,0.4247426576684133,0.0
Random Forest,0.0645,0.4216937730836519,0.4216937730836519,0.0
Random Forest,0.0695,0.41861239790185256,0.41861239790185256,0.0
Random Forest,0.0745,0.41813548776966425,0.4154980099843121,0.0026374777853521714
Random Forest,0.0794,0.41659246844393233,0.41235007594406325,0.004242392499869074
Random Forest,0.0844,0.4167208300233504,0.4091680508413375,0.007552779182012914
Random Forest,0.0893,0.4155995625188146,0.40595137786907937,0.009648184649735214
Random Forest,0.0943,0.41464549826756997,0.4026994880281326,0.011946010239437366
Random Forest,0.0992,0.41205519844492466,0.3994117997916982,0.012643398653226445
Random Forest,0.1042,0.4094362255097961,0.3960877187586504,0.013348506751145683
Random Forest,0.1092,0.39240343858683296,0.3927266372952753,-0.00032319870844232934
Random Forest,0.1141,0.39616397796790975,0.38932793416497946,0.006836043802930292
Random Forest,0.1191,0.3983045148820182,0.385890974145494,0.012413540736524176
Random Forest,0.124,0.3961979291169181,0.3824151076330788,0.013782821483839303
Random Forest,0.129,0.3964951404869793,0.37889967023320914,0.017595470253770173
Random Forest,0.1339,0.39698345385307937,0.3753439823372029,0.021639471515876474
Random Forest,0.1389,0.39502165367872566,0.37174734868422105,0.023274304994504613
Random Forest,0.1439,0.39579189918064966,0.36810905790804993,0.027682841272599734
Random Forest,0.1488,0.39676209681987606,0.36442838206804357,0.0323337147518325
Random Forest,0.1538,0.39793576114737816,0.36070457616357626,0.0372311849838019
Random Forest,0.1587,0.399316489566395,0.35693687763132687,0.04237961193506812
Random Forest,0.1637,0.39769911970902955,0.3531245058246798,0.044574613884349745
Random Forest,0.1687,0.3960624584695587,0.3492666614744985,0.0467957969950602
Random Forest,0.1736,0.3944061586266449,0.3453625261304874,0.04904363249615751
Random Forest,0.1786,0.39272986457590875,0.3414112615823236,0.05131860299358515
Random Forest,0.1835,0.37463976945244953,0.33741200925969667,0.03722776019275287
Random Forest,0.1885,0.3729223853587901,0.33336388961035657,0.03955849574843351
Random Forest,0.1934,0.37118388735358115,0.3292660014552212,0.04191788589835993
Random Forest,0.1984,0.36942388365966117,0.3251174213195527,0.04430646234010849
Random Forest,0.2034,0.36764197274676624,0.32091720273915747,0.046724770007608774
Random Forest,0.2083,0.365837743026131,0.3166643755405173,0.049173367485613684
Random Forest,0.2133,0.3640107725335416,0.3123579450936993,0.051652827439842286
Random Forest,0.2182,0.3621606286003281,0.30799689153683896,0.05416373706348915
Random Forest,0.2232,0.3602868675117577,0.3035801689709231,0.0567066985408346
Random Forest,0.2282,0.341995591529311,0.29910670462353983,0.042888886905771195
Random Forest,0.2331,0.345056279482509,0.2945753979801899,0.05048088150231911
Random Forest,0.2381,0.3432479881103696,0.2899851198816823,0.05326286822868731
Random Forest,0.243,0.3414160090848208,0.2853347115860583,0.056081297498762506
Random Forest,0.248,0.33955987389377695,0.28062298379340855,0.0589368901003684
Random Forest,0.2529,0.3376791015877114,0.27584871563185753,0.061830385955853884
Random Forest,0.2579,0.3357731983641828,0.27101065360290033,0.06476254476128246
Random Forest,0.2629,0.3396873808616089,0.2661075104841784,0.07357987037743047
Random Forest,0.2678,0.3378802731174258,0.2611379641876751,0.0767423089297507
Random Forest,0.2728,0.3421974866166314,0.2561006565712056,0.08609683004542579
Random Forest,0.2777,0.32410188920359717,0.25099419220095553,0.07310769700264164
Random Forest,0.2827,0.3223762041575122,0.2458171370627007,0.07655906709481153
Random Forest,0.2876,0.32062649754301414,0.24056801721920645,0.08005848032380769
Random Forest,0.2926,0.3188522642736681,0.2352453174111681,0.08360694686249998
Random Forest,0.2976,0.31705298500291235,0.22984747959890092,0.08720550540401142
Random Forest,0.3025,0.31522812561722297,0.2243729014418329,0.09085522417539008
Random Forest,0.3075,0.31337713670750605,0.21881993471268207,0.09455720199482398
Random Forest,0.3124,0.3114994530176196,0.21318688364302288,0.09831256937459673
Random Forest,0.3174,0.30959449286886254,0.20747200319675158,0.10212248967211096
Random Forest,0.3224,0.30766165755919855,0.20167349726775957,0.10598816029143898
Random Forest,0.3273,0.305700330735913,0.19578951679790296,0.10991081393801005
Random Forest,0.3323,0.30370987774032093,0.1898181578111267,0.11389171992919422
Random Forest,0.3372,0.3016896449230628,0.1837574593593525,0.11793218556371032
Random Forest,0.3422,0.2996389589284368,0.17760540137547431,0.12203355755296247
Random Forest,0.3471,0.29755712594612044,0.17135990242852528,0.12619722351759516
Random Forest,0.3521,0.27904998830558564,0.1650188173757734,0.11403117092981224
Random Forest,0.3571,0.2769036941490558,0.15857993490618388,0.11832375924287192
Random Forest,0.362,0.2840263262450552,0.15204097496933783,0.13198535127571737
Random Forest,0.367,0.282013784158446,0.14539958608352754,0.13661419807491848
Random Forest,0.3719,0.2896774391661585,0.13865334251635175,0.15102409664980676
Random Forest,0.3769,0.287808275206438,0.13179974133070982,0.15600853387572816
Random Forest,0.3818,0.28590912737678176,0.12483619928863687,0.16107292808814488
Random Forest,0.3868,0.28397926837213583,0.1177600496049353,0.16621921876720053
Random Forest,0.3918,0.28201794717316164,0.11056853854202991,0.17144940863113173
Random Forest,0.3967,0.28002438807176666,0.10325882183691504,0.17676556623485162
Random Forest,0.4017,0.27799778964818567,0.09582796095045126,0.1821698286977344
Random Forest,0.4066,0.287171974433566,0.0882729191286239,0.19889905530494212
Random Forest,0.4116,0.2853095836786679,0.08059055726466907,0.2047190264139988
Random Forest,0.4166,0.2834155405963784,0.0727776295502251,0.21063791104615331
Random Forest,0.4215,0.2814890313485297,0.064830778902849,0.2166582524456807
Random Forest,0.4265,0.27952921395544345,0.05674653215636821,0.22278268179907523
Random Forest,0.4314,0.2775352170689513,0.04852129499958807,0.22901392206936322
Random Forest,0.4364,0.27550613868065416,0.04015134664786241,0.23535479203279175
Random Forest,0.4413,0.27344104476139747,0.03163283423092855,0.24180821053046891
Random Forest,0.4463,0.2713389678276511,0.022961766879224965,0.24837720094842614
Random Forest,0.4513,0.26919890543017094,0.014134009489619181,0.25506489594055176
Random Forest,0.4562,0.26701981855998136,0.00514527615008703,0.26187454240989433
Random Forest,0.4612,0.264800629966354,-0.004008876798625549,0.26880950676497956
Random Forest,0.4661,0.26254022238106167,-0.013333058087956429,0.2758732804690181
Random Forest,0.4711,0.2602374366427562,-0.02283204925846638,0.2830694859012226
Random Forest,0.4761,0.25789106971485665,-0.032510812836052394,0.29040188255090904
Random Forest,0.481,0.25549987258982415,-0.042374500976811336,0.2978743735666355
Random Forest,0.486,0.2530625480721558,-0.05242846461219347,0.30549101268434925
Random Forest,0.4909,0.2505777484318257,-0.06267826312855512,0.3132560115603808
Random Forest,0.4959,0.248044072919257,-0.07312967461790082,0.3211737475371578
Random Forest,0.5008,0.24546006513219623,-0.08378870673952649,0.32924877187172275
Random Forest,0.5058,0.2428242102240892,-0.09466160823546804,0.3374858184595573
Random Forest,0.5108,0.2401349319427158,-0.10575488114613335,0.34588981308884914
Random Forest,0.5157,0.2373905894869191,-0.11707529377629472,0.3544658832632138
Random Forest,0.5207,0.23458947416825693,-0.12862989446577616,0.3632193686340331
Random Forest,0.5256,0.23172980586330566,-0.1404260262237002,0.37215583208700587
Random Forest,0.5306,0.22880972924113557,-0.15247134229015175,0.3812810715312873
Random Forest,0.5355,0.22582730974915985,-0.1647738226945516,0.3906011324437114
Random Forest,0.5405,0.22278052933910558,-0.17734179188602545,0.40012232122513103
Random Forest,0.5455,0.23934001921509077,-0.19018393751761647,0.42952395673270727
Random Forest,0.5504,0.23655584495173887,-0.20330933047341831,0.4398651754251572
Random Forest,0.5554,0.2541866640227296,-0.21672744623564294,0.47091411025837254
Random Forest,0.5603,0.2516919837569559,-0.2304481876973981,0.482140171454354
Random Forest,0.5653,0.24914039796801168,-0.2444819095365915,0.4936223075046032
Random Forest,0.5703,0.24652993710611176,-0.25883944427704103,0.5053693813831528
Random Forest,0.5752,0.26605697977979925,-0.27353213017463623,0.5395891099544354
Random Forest,0.5802,0.2637782357033167,-0.28857184107942085,0.5523500767827376
Random Forest,0.5851,0.2614450270124885,-0.30397101843888746,0.5654160454513759
Random Forest,0.5901,0.24266193481606946,-0.31974270562377777,0.5624046404398473
Random Forest,0.595,0.24021377130824373,-0.3359005847754278,0.5761143560836715
Random Forest,0.6,0.2213114754098361,-0.3524590163934425,0.5737704918032787
Gradient Boosting,0.01,0.453551912568306,0.453551912568306,0.0
Gradient Boosting,0.015,0.4508014913809259,0.4508014913809259,0.0
Gradient Boosting,0.0199,0.44802324290210177,0.44802324290210177,0.0
Gradient Boosting,0.0249,0.4452167426721142,0.4452167426721142,0.0
Gradient Boosting,0.0298,0.4423815575545442,0.4423815575545442,0.0
Gradient Boosting,0.0348,0.4395172455134262,0.4395172455134262,0.0
Gradient Boosting,0.0397,0.4366233553834964,0.4366233553834964,0.0
Gradient Boosting,0.0447,0.4336994266332876,0.4336994266332876,0.0
Gradient Boosting,0.0497,0.4307449891208076,0.4307449891208076,0.0
Gradient Boosting,0.0546,0.42775956284153005,0.42775956284153005,0.0
Gradient Boosting,0.0596,0.4247426576684133,0.4247426576684133,0.0
Gradient Boosting,0.0645,0.4228247615793783,0.4216937730836519,0.0011309884957264038
Gradient Boosting,0.0695,0.419836761403088,0.41861239790185256,0.0012243635012354481
Gradient Boosting,0.0745,0.41945422666234033,0.4154980099843121,0.003956216678028257
Gradient Boosting,0.0794,0.41659246844393233,0.41235007594406325,0.004242392499869074
Gradient Boosting,0.0844,0.41521027418694784,0.4091680508413375,0.006042223345610331
Gradient Boosting,0.0893,0.4155995625188146,0.40595137786907937,0.009648184649735214
Gradient Boosting,0.0943,0.4129389253762218,0.4026994880281326,0.010239437348089186
Gradient Boosting,0.0992,0.4102489986373209,0.3994117997916982,0.010837198845622675
Gradient Boosting,0.1042,0.4075292959739181,0.3960877187586504,0.011441577215267729
Gradient Boosting,0.1092,0.4067881007204702,0.3927266372952753,0.014061463425194931
Gradient Boosting,0.1141,0.40833387760433676,0.38932793416497946,0.019005943439357298
Gradient Boosting,0.1191,0.40583427031743824,0.385890974145494,0.019943296171944236
Gradient Boosting,0.124,0.40330636739931813,0.3824151076330788,0.020891259766239345
Gradient Boosting,0.129,0.4007496856539584,0.37889967023320914,0.02185001542074927
Gradient Boosting,0.1339,0.38177028819754844,0.3753439823372029,0.006426305860345538
Gradient Boosting,0.1389,0.38179907113957384,0.37174734868422105,0.010051722455352796
Gradient Boosting,0.1439,0.37926329271981823,0.36810905790804993,0.011154234811768304
Gradient Boosting,0.1488,0.3766979731949653,0.36442838206804357,0.01226959112692172
Gradient Boosting,0.1538,0.37410259332215473,0.36070457616357626,0.013398017158578468
Gradient Boosting,0.1587,0.37147662161785966,0.35693687763132687,0.014539743986532794
Gradient Boosting,0.1637,0.3752372041537083,0.3531245058246798,0.022112698329028513
Gradient Boosting,0.1687,0.372782212294502,0.3492666614744985,0.023515550820003506
Gradient Boosting,0.1736,0.35390431990718046,0.3453625261304874,0.008541793776693063
Gradient Boosting,0.1786,0.3585174625801853,0.3414112615823236,0.017106200997861698
Gradient Boosting,0.1835,0.3562148627580668,0.33741200925969667,0.01880285349837013
Gradient Boosting,0.1885,0.35388412720238605,0.33336388961035657,0.020520237592029478
Gradient Boosting,0.1934,0.31873785180655806,0.3292660014552212,-0.010528149648663165
Gradient Boosting,0.1984,0.3163492753648095,0.3251174213195527,-0.008768145954743178
Gradient Boosting,0.2034,0.31393096769730927,0.32091720273915747,-0.006986235041848199
Gradient Boosting,0.2083,0.31148237021930425,0.3166643755405173,-0.005182005321213046
Gradient Boosting,0.2133,0.3134471056695886,0.3123579450936993,0.0010891605758893141
Gradient Boosting,0.2182,0.3110683491840284,0.30799689153683896,0.0030714576471894683
Gradient Boosting,0.2232,0.3133694164047925,0.3035801689709231,0.009789247433869386
Gradient Boosting,0.2282,0.3110649044682617,0.29910670462353983,0.01195819984472185
Gradient Boosting,0.2331,0.30873059498532385,0.2945753979801899,0.014155197005133957
Gradient Boosting,0.2381,0.3063659062679108,0.2899851198816823,0.01638078638622853
Gradient Boosting,0.243,0.303970241388347,0.2853347115860583,0.01863552980228872
Gradient Boosting,0.248,0.31235470947390404,0.28062298379340855,0.03173172568049548
Gradient Boosting,0.2529,0.31018458758228995,0.27584871563185753,0.03433587195043242
Gradient Boosting,0.2579,0.3079854684782185,0.27101065360290033,0.036974814875318174
Gradient Boosting,0.2629,0.3057567670606176,0.2661075104841784,0.039649256576439196
Gradient Boosting,0.2678,0.30349788238038883,0.2611379641876751,0.04235991819271373
Gradient Boosting,0.2728,0.30120819710017543,0.2561006565712056,0.045107540528969814
Gradient Boosting,0.2777,0.29888707693187994,0.25099419220095553,0.0478928847309244
Gradient Boosting,0.2827,0.3029944535775193,0.2458171370627007,0.05717731651481861
Gradient Boosting,0.2876,0.3007675542499763,0.24056801721920645,0.060199537030769856
Gradient Boosting,0.2926,0.2821159965569486,0.2352453174111681,0.04687067914578047
Gradient Boosting,0.2976,0.27982600475780495,0.22984747959890092,0.049978525158904025
Gradient Boosting,0.3025,0.2846138652972546,0.2243729014418329,0.060240963855421686
Gradient Boosting,0.3075,0.2824263329494073,0.21881993471268207,0.0636063982367252
Gradient Boosting,0.3124,0.2802072522249961,0.21318688364302288,0.06702036858197322
Gradient Boosting,0.3174,0.2779559356855559,0.20747200319675158,0.0704839324888043
Gradient Boosting,0.3224,0.27567167577413476,0.20167349726775957,0.07399817850637519
Gradient Boosting,0.3273,0.2813303160934252,0.19578951679790296,0.08554079929552222
Gradient Boosting,0.3323,0.2791589128255066,0.1898181578111267,0.08934075501437988
Gradient Boosting,0.3372,0.27695502247940684,0.1837574593593525,0.09319756312005434
Gradient Boosting,0.3422,0.27471791048526933,0.17760540137547431,0.09711250910979502
Gradient Boosting,0.3471,0.272446819959106,0.17135990242852528,0.10108691753058074
Gradient Boosting,0.3521,0.27014097084901445,0.1650188173757734,0.10512215347324105
Gradient Boosting,0.3571,0.2769036941490558,0.15857993490618388,0.11832375924287192
Gradient Boosting,0.362,0.2747240408367738,0.15204097496933783,0.12268306586743599
Gradient Boosting,0.367,0.2725102445415037,0.14539958608352754,0.12711065845797614
Gradient Boosting,0.3719,0.2702614966857784,0.13865334251635175,0.13160815416942667
Gradient Boosting,0.3769,0.2679769629572311,0.13179974133070982,0.1361772216265213
Gradient Boosting,0.3818,0.26565578227654013,0.12483619928863687,0.14081958298790326
Gradient Boosting,0.3868,0.2632970657153063,0.1177600496049353,0.145537016110371
Gradient Boosting,0.3918,0.26089989536100444,0.11056853854202991,0.15033135681897453
Gradient Boosting,0.3967,0.2584633231259662,0.10325882183691504,0.15520450128905117
Gradient Boosting,0.4017,0.2559863694971449,0.09582796095045126,0.16015840854669366
Gradient Boosting,0.4066,0.25346802222320247,0.0882729191286239,0.16519510309457858
Gradient Boosting,0.4116,0.2623746845163677,0.08059055726466907,0.18178412725169862
Gradient Boosting,0.4166,0.24361368804055508,0.0727776295502251,0.17083605849032998
Gradient Boosting,0.4215,0.24120555148074413,0.064830778902849,0.17637477257789513
Gradient Boosting,0.4265,0.23875577973938633,0.05674653215636821,0.18200924758301812
Gradient Boosting,0.4314,0.23626328363127114,0.04852129499958807,0.18774198863168307
Gradient Boosting,0.4364,0.23372693564589972,0.04015134664786241,0.1935755889980373
Gradient Boosting,0.4413,0.23114556824682886,0.03163283423092855,0.1995127340159003
Gradient Boosting,0.4463,0.2121245294566951,0.022961766879224965,0.18916276257747014
Gradient Boosting,0.4513,0.20944945145984487,0.014134009489619181,0.19531544197022568
Gradient Boosting,0.4562,0.20672559287210784,0.00514527615008703,0.2015803167220208
Gradient Boosting,0.4612,0.20395160713007374,-0.004008876798625549,0.20796048392869929
Gradient Boosting,0.4661,0.20112609764845832,-0.013333058087956429,0.21445915573641475
Gradient Boosting,0.4711,0.1982476154755765,-0.02283204925846638,0.2210796647340429
Gradient Boosting,0.4761,0.19531465681570195,-0.032510812836052394,0.22782546965175435
Gradient Boosting,0.481,0.19232566040941138,-0.042374500976811336,0.2347001613862227
Gradient Boosting,0.486,0.17288556213937506,-0.05242846461219347,0.22531402675156853
Gradient Boosting,0.4909,0.16977956258896246,-0.06267826312855512,0.23245782571751758
Gradient Boosting,0.4959,0.1666124681982516,-0.07312967461790082,0.23974214281615241
Gradient Boosting,0.5008,0.16338245846442565,-0.08378870673952649,0.24717116520395213
Gradient Boosting,0.5058,0.16008763982929183,-0.09466160823546804,0.25474924806475985
Gradient Boosting,0.5108,0.15672604197757511,-0.10575488114613335,0.26248092312370847
Gradient Boosting,0.5157,0.17075293776294792,-0.11707529377629472,0.28782823153924264
Gradient Boosting,0.5207,0.18540914629940447,-0.12862989446577616,0.31403904076518063
Gradient Boosting,0.5256,0.2007143998025236,-0.1404260262237002,0.3411404260262238
Gradient Boosting,0.5306,0.19815933275812478,-0.15247134229015175,0.3506306750482765
Gradient Boosting,0.5355,0.195549715702646,-0.1647738226945516,0.3603235383971976
Gradient Boosting,0.5405,0.19288378284384852,-0.17734179188602545,0.37022557472987394
Gradient Boosting,0.5455,0.1901596913462383,-0.19018393751761647,0.38034362886385475
Gradient Boosting,0.5504,0.1873755170828864,-0.20330933047341831,0.3906848475563047
Gradient Boosting,0.5554,0.18452925010302057,-0.21672744623564294,0.4012566963386635
Gradient Boosting,0.5603,0.1816187897929513,-0.2304481876973981,0.4120669774903494
Gradient Boosting,0.5653,0.17864193970584968,-0.2444819095365915,0.4231238492424412
Gradient Boosting,0.5703,0.1755964020336331,-0.25883944427704103,0.4344358463106741
Gradient Boosting,0.5752,0.17247977169171896,-0.27353213017463623,0.4460119018663552
Gradient Boosting,0.5802,0.16928952998464344,-0.28857184107942085,0.4578613710640643
Gradient Boosting,0.5851,0.16602303781748387,-0.30397101843888746,0.46999405625637136
Gradient Boosting,0.5901,0.16267752841462835,-0.31974270562377777,0.4824202340384061
Gradient Boosting,0.595,0.18333849278300715,-0.3359005847754278,0.5192390775584349
Gradient Boosting,0.6,0.18032786885245902,-0.3524590163934425,0.5327868852459016
XGBoost,0.01,0.453551912568306,0.453551912568306,0.0
XGBoost,0.015,0.4508014913809259,0.4508014913809259,0.0
XGBoost,0.0199,0.44802324290210177,0.44802324290210177,0.0
XGBoost,0.0249,0.4452167426721142,0.4452167426721142,0.0
XGBoost,0.0298,0.4423815575545442,0.4423815575545442,0.0
XGBoost,0.0348,0.4395172455134262,0.4395172455134262,0.0
XGBoost,0.0397,0.4366233553834964,0.4366233553834964,0.0
XGBoost,0.0447,0.4336994266332876,0.4336994266332876,0.0
XGBoost,0.0497,0.4307449891208076,0.4307449891208076,0.0
XGBoost,0.0546,0.42775956284153005,0.42775956284153005,0.0
XGBoost,0.0596,0.4247426576684133,0.4247426576684133,0.0
XGBoost,0.0645,0.4216937730836519,0.4216937730836519,0.0
XGBoost,0.0695,0.41861239790185256,0.41861239790185256,0.0
XGBoost,0.0745,0.4154980099843121,0.4154980099843121,0.0
XGBoost,0.0794,0.41235007594406325,0.41235007594406325,0.0
XGBoost,0.0844,0.4091680508413375,0.4091680508413375,0.0
XGBoost,0.0893,0.40595137786907937,0.40595137786907937,0.0
XGBoost,0.0943,0.4026994880281326,0.4026994880281326,0.0
XGBoost,0.0992,0.3994117997916982,0.3994117997916982,0.0
XGBoost,0.1042,0.3960877187586504,0.3960877187586504,0.0
XGBoost,0.1092,0.3927266372952753,0.3927266372952753,0.0
XGBoost,0.1141,0.401998563124551,0.38932793416497946,0.01267062895957155
XGBoost,0.1191,0.3708314632746539,0.385890974145494,-0.01505951087084012
XGBoost,0.124,0.37284073323855416,0.3824151076330788,-0.009574374394524632
XGBoost,0.129,0.37039057989925106,0.37889967023320914,-0.00850909033395808
XGBoost,0.1339,0.3540544581701571,0.3753439823372029,-0.02128952416704577
XGBoost,0.1389,0.3543012189093329,0.37174734868422105,-0.01744612977488813
XGBoost,0.1439,0.35198594296086044,0.36810905790804993,-0.016123114947189487
XGBoost,0.1488,0.3525099980740254,0.36442838206804357,-0.011918383994018178
XGBoost,0.1538,0.35323229198886485,0.36070457616357626,-0.007472284174711408
XGBoost,0.1587,0.3541563296766999,0.35693687763132687,-0.002780547954626955
XGBoost,0.1637,0.3552856992251331,0.3531245058246798,0.0021611934004532873
XGBoost,0.1687,0.3532983248629185,0.3492666614744985,0.004031663388420037
XGBoost,0.1736,0.35128710362509463,0.3453625261304874,0.0059245774946072305
XGBoost,0.1786,0.3563791874554526,0.3414112615823236,0.014967925873129007
XGBoost,0.1835,0.33816790286767134,0.33741200925969667,0.0007558936079746781
XGBoost,0.1885,0.3363278484816077,0.33336388961035657,0.0029639588712511156
XGBoost,0.1934,0.33446517204745524,0.3292660014552212,0.005199170592234015
XGBoost,0.1984,0.3325794538039695,0.3251174213195527,0.007462032484416847
XGBoost,0.2034,0.33067026354015355,0.32091720273915747,0.009753060800996083
XGBoost,0.2083,0.32873716026804434,0.3166643755405173,0.012072784727527042
XGBoost,0.2133,0.3267796918831271,0.3123579450936993,0.014421746789427814
XGBoost,0.2182,0.32479739481182696,0.30799689153683896,0.016800503274988
XGBoost,0.2232,0.32278979364550153,0.3035801689709231,0.01920962467457843
XGBoost,0.2282,0.32075640076032735,0.29910670462353983,0.021649696136787522
XGBoost,0.2331,0.3122693942366073,0.2945753979801899,0.017693996256417432
XGBoost,0.2381,0.31046110286446793,0.2899851198816823,0.020475982982785634
XGBoost,0.243,0.3086291238389191,0.2853347115860583,0.02329441225286083
XGBoost,0.248,0.3067729886478753,0.28062298379340855,0.026150004854466724
XGBoost,0.2529,0.30489221634180974,0.27584871563185753,0.029043500709952208
XGBoost,0.2579,0.3029863131182811,0.27101065360290033,0.03197565951538078
XGBoost,0.2629,0.3010547718896937,0.2661075104841784,0.034947261405515295
XGBoost,0.2678,0.3050933878715241,0.2611379641876751,0.043955423683849026
XGBoost,0.2728,0.3032616396473534,0.2561006565712056,0.0471609830761478
XGBoost,0.2777,0.30140474351271707,0.25099419220095553,0.05041055131176153
XGBoost,0.2827,0.2995221780078971,0.2458171370627007,0.0537050409451964
XGBoost,0.2876,0.3042330549200633,0.24056801721920645,0.06366503770085685
XGBoost,0.2926,0.30245882165071725,0.2352453174111681,0.06721350423954914
XGBoost,0.2976,0.3006595423799615,0.22984747959890092,0.07081206278106059
XGBoost,0.3025,0.2988346829942721,0.2243729014418329,0.07446178155243924
XGBoost,0.3075,0.2969836940845552,0.21881993471268207,0.07816375937187314
XGBoost,0.3124,0.30255538947950517,0.21318688364302288,0.08936850583648229
XGBoost,0.3174,0.3008236075260896,0.20747200319675158,0.09335160432933803
XGBoost,0.3224,0.29906648451730417,0.20167349726775957,0.0973929872495446
XGBoost,0.3273,0.2972834601324991,0.19578951679790296,0.10149394333459616
XGBoost,0.3323,0.30363147970109716,0.1898181578111267,0.11381332188997045
XGBoost,0.3372,0.30197856194152234,0.1837574593593525,0.11822110258216983
XGBoost,0.3422,0.30882833376613583,0.17760540137547431,0.13122293239066152
XGBoost,0.3471,0.30731427341536033,0.17135990242852528,0.13595437098683505
XGBoost,0.3521,0.3057770406752992,0.1650188173757734,0.1407582232995258
XGBoost,0.3571,0.3042160994705503,0.15857993490618388,0.1456361645643664
XGBoost,0.362,0.3026308970616179,0.15204097496933783,0.15058992209228006
XGBoost,0.367,0.3010208633923306,0.14539958608352754,0.15562127730880304
XGBoost,0.3719,0.29938541040634853,0.13865334251635175,0.16073206788999678
XGBoost,0.3769,0.2977239313310414,0.13179974133070982,0.1659241900003316
XGBoost,0.3818,0.29603579992690254,0.12483619928863687,0.17119960063826567
XGBoost,0.3868,0.29432036970055064,0.1177600496049353,0.17656032009561534
XGBoost,0.3918,0.2925769730792402,0.11056853854202991,0.18200843453721027
XGBoost,0.3967,0.2908049205446669,0.10325882183691504,0.18754609870775185
XGBoost,0.4017,0.289003499723706,0.09582796095045126,0.19317553877325472
XGBoost,0.4066,0.287171974433566,0.0882729191286239,0.19889905530494212
XGBoost,0.4116,0.2853095836786679,0.08059055726466907,0.2047190264139988
XGBoost,0.4166,0.2834155405963784,0.0727776295502251,0.21063791104615331
XGBoost,0.4215,0.2814890313485297,0.064830778902849,0.2166582524456807
XGBoost,0.4265,0.27952921395544345,0.05674653215636821,0.22278268179907523
XGBoost,0.4314,0.2775352170689513,0.04852129499958807,0.22901392206936322
XGBoost,0.4364,0.27550613868065416,0.04015134664786241,0.23535479203279175
XGBoost,0.4413,0.27344104476139747,0.03163283423092855,0.24180821053046891
XGBoost,0.4463,0.2713389678276511,0.022961766879224965,0.24837720094842614
XGBoost,0.4513,0.26919890543017094,0.014134009489619181,0.25506489594055176
XGBoost,0.4562,0.2506263759370305,0.00514527615008703,0.2454810997869435
XGBoost,0.4612,0.24840718734340325,-0.004008876798625549,0.2524160641420288
XGBoost,0.4661,0.24614677975811092,-0.013333058087956429,0.2594798378460673
XGBoost,0.4711,0.24384399401980547,-0.02283204925846638,0.2666760432782719
XGBoost,0.4761,0.24149762709190584,-0.032510812836052394,0.2740084399279582
XGBoost,0.481,0.23910642996687337,-0.042374500976811336,0.2814809309436847
XGBoost,0.486,0.23666910544920497,-0.05242846461219347,0.28909757006139847
XGBoost,0.4909,0.2341843058088749,-0.06267826312855512,0.29686256893743
XGBoost,0.4959,0.23165063029630623,-0.07312967461790082,0.30478030491420705
XGBoost,0.5008,0.22906662250924545,-0.08378870673952649,0.3128553292487719
XGBoost,0.5058,0.22643076760113842,-0.09466160823546804,0.32109237583660644
XGBoost,0.5108,0.223741489319765,-0.10575488114613335,0.32949637046589836
XGBoost,0.5157,0.22099714686396832,-0.11707529377629472,0.33807244064026304
XGBoost,0.5207,0.23600349481525762,-0.12862989446577616,0.3646333892810338
XGBoost,0.5256,0.23350128504842527,-0.1404260262237002,0.3739273112721255
XGBoost,0.5306,0.23094621800402645,-0.15247134229015175,0.3834175602941782
XGBoost,0.5355,0.21194315832559685,-0.1647738226945516,0.37671698102014844
XGBoost,0.5405,0.20927722546679936,-0.17734179188602545,0.3866190173528248
XGBoost,0.5455,0.20655313396918915,-0.19018393751761647,0.3967370714868056
XGBoost,0.5504,0.20376895970583725,-0.20330933047341831,0.40707829017925556
XGBoost,0.5554,0.2009226927259714,-0.21672744623564294,0.41765013896161435
XGBoost,0.5603,0.19801223241590213,-0.2304481876973981,0.4284604201133002
XGBoost,0.5653,0.19503538232880052,-0.2444819095365915,0.439517291865392
XGBoost,0.5703,0.19198984465658395,-0.25883944427704103,0.45082928893362495
XGBoost,0.5752,0.1888732143146698,-0.27353213017463623,0.46240534448930604
XGBoost,0.5802,0.18568297260759428,-0.28857184107942085,0.47425481368701516
XGBoost,0.5851,0.1824164804404347,-0.30397101843888746,0.4863874988793222
XGBoost,0.5901,0.17907097103757919,-0.31974270562377777,0.49881367666135695
XGBoost,0.595,0.17564354212662311,-0.3359005847754278,0.5115441269020509
XGBoost,0.6,0.1557377049180328,-0.3524590163934425,0.5081967213114753
KNN,0.01,0.4543798642159298,0.453551912568306,0.0008279516476237814
KNN,0.015,0.45204617351148607,0.4508014913809259,0.0012446821305601707
KNN,0.0199,0.4496888717718777,0.44802324290210177,0.001665628869775948
KNN,0.0249,0.447307598849464,0.4452167426721142,0.0020908561773498313
KNN,0.0298,0.44490198723455615,0.4423815575545442,0.0025204296800119264
KNN,0.0348,0.4424716618663348,0.4395172455134262,0.0029544163529086065
KNN,0.0397,0.4400162399379095,0.4366233553834964,0.0033928845544131114
KNN,0.0447,0.4375353306953081,0.4336994266332876,0.003835904062020501
KNN,0.0497,0.4350285352301736,0.4307449891208076,0.004283546109365988
KNN,0.0546,0.43249544626593805,0.42775956284153005,0.004735883424408005
KNN,0.0596,0.42993564793723293,0.4247426576684133,0.005192990268819642
KNN,0.0645,0.42734871556228393,0.4216937730836519,0.005654942478632019
KNN,0.0695,0.4345291234179136,0.41861239790185256,0.015916725516061048
KNN,0.0745,0.4326416155891012,0.4154980099843121,0.017143605604789114
KNN,0.0794,0.4307337767768292,0.41235007594406325,0.01838370083276597
KNN,0.0844,0.42880527671457114,0.4091680508413375,0.019637225873233632
KNN,0.0893,0.42685577794350565,0.40595137786907937,0.020904400074426288
KNN,0.0943,0.4248849356156591,0.4026994880281326,0.022185447587526497
KNN,0.0992,0.4228923972905474,0.3994117997916982,0.023480597498849176
KNN,0.1042,0.4208778027250638,0.3960877187586504,0.024790083966413412
KNN,0.1092,0.41884078365635163,0.3927266372952753,0.02611414636107634
KNN,0.1141,0.4167809635773845,0.38932793416497946,0.027453029412405017
KNN,0.1191,0.414697957504969,0.385890974145494,0.028806983359475014
KNN,0.124,0.41259137173986893,0.3824151076330788,0.03017626410679014
KNN,0.129,0.4104608036187358,0.37889967023320914,0.031561133385526685
KNN,0.1339,0.3995189814623345,0.3753439823372029,0.024174999125131602
KNN,0.1389,0.397666170186556,0.37174734868422105,0.025918821502334932
KNN,0.1439,0.39579189918064966,0.36810905790804993,0.027682841272599734
KNN,0.1488,0.3938957934448888,0.36442838206804357,0.02946741137684522
KNN,0.1538,0.39197746919107235,0.36070457616357626,0.031272893027496085
KNN,0.1587,0.3900365335835499,0.35693687763132687,0.03309965595222303
KNN,0.1637,0.38807258447103476,0.3531245058246798,0.03494807864635496
KNN,0.1687,0.38608521010882013,0.3492666614744985,0.03681854863432166
KNN,0.1736,0.38407398887099625,0.3453625261304874,0.03871146274050885
KNN,0.1786,0.3820384889522452,0.3414112615823236,0.04062722736992158
KNN,0.1835,0.3799782680587707,0.33741200925969667,0.04256625879907405
KNN,0.1885,0.37789287308789854,0.33336388961035657,0.04452898347754197
KNN,0.1934,0.3757818397958591,0.3292660014552212,0.04651583834063788
KNN,0.1984,0.373644692453242,0.3251174213195527,0.04852727113368932
KNN,0.2034,0.3965898872518503,0.32091720273915747,0.07567268451269282
KNN,0.2083,0.3951722781856369,0.3166643755405173,0.07850790264511959
KNN,0.2133,0.3937368013700309,0.3123579450936993,0.08137885627633162
KNN,0.2182,0.3922831168510775,0.30799689153683896,0.08428622531423852
KNN,0.2232,0.3908108759957722,0.3035801689709231,0.08723070702484909
KNN,0.2282,0.3893197212133111,0.29910670462353983,0.09021301658977127
KNN,0.2331,0.38780928566552775,0.2945753979801899,0.09323388768533786
KNN,0.2381,0.3862791929660252,0.2899851198816823,0.0962940730843429
KNN,0.243,0.38472905686748393,0.2853347115860583,0.09939434528142566
KNN,0.248,0.38315848093660065,0.28062298379340855,0.1025354971431921
KNN,0.2529,0.38156705821608367,0.27584871563185753,0.10571834258422613
KNN,0.2579,0.3799543708730979,0.27101065360290033,0.10894371727019758
KNN,0.2629,0.37831998983352394,0.2661075104841784,0.11221247934934553
KNN,0.2678,0.33947577860856115,0.2611379641876751,0.07833781442088605
KNN,0.2728,0.33810196744043314,0.2561006565712056,0.08200131086922752
KNN,0.2777,0.3367092953394558,0.25099419220095553,0.08571510313850028
KNN,0.2827,0.33529737121084086,0.2458171370627007,0.08948023414814016
KNN,0.2876,0.33386579307170605,0.24056801721920645,0.0932977758524996
KNN,0.2926,0.3324141476695138,0.2352453174111681,0.09716883025834572
KNN,0.2976,0.33094201008435004,0.22984747959890092,0.10109453048544911
KNN,0.3025,0.32944894331424057,0.2243729014418329,0.10507604187240768
KNN,0.3075,0.32793449784265394,0.21881993471268207,0.10911456312997186
KNN,0.3124,0.3263982111872924,0.21318688364302288,0.11321132754426952
KNN,0.3174,0.32483960742921836,0.20747200319675158,0.11736760423246678
KNN,0.3224,0.3232581967213115,0.20167349726775957,0.12158469945355194
KNN,0.3273,0.32165347477498696,0.19578951679790296,0.125863957977084
KNN,0.3323,0.320024922324048,0.1898181578111267,0.1302067645129213
KNN,0.3372,0.2939262991392767,0.1837574593593525,0.1101688397799242
KNN,0.3422,0.29243489114318505,0.17760540137547431,0.11482948976771074
KNN,0.3471,0.2909208307924095,0.17135990242852528,0.11956092836388421
KNN,0.3521,0.2893835980523485,0.1650188173757734,0.12436478067657508
KNN,0.3571,0.2878226568475995,0.15857993490618388,0.12924272194141562
KNN,0.362,0.2862374544386671,0.15204097496933783,0.13419647946932928
KNN,0.367,0.28462742076937975,0.14539958608352754,0.1392278346858522
KNN,0.3719,0.28299196778339775,0.13865334251635175,0.144338625267046
KNN,0.3769,0.28133048870809063,0.13179974133070982,0.1495307473773808
KNN,0.3818,0.2796423573039517,0.12483619928863687,0.15480615801531483
KNN,0.3868,0.2779269270775998,0.1177600496049353,0.1601668774726645
KNN,0.3918,0.2761835304562894,0.11056853854202991,0.1656149919142595
KNN,0.3967,0.2744114779217161,0.10325882183691504,0.17115265608480107
KNN,0.4017,0.26722232455332473,0.09582796095045126,0.17139436360287347
KNN,0.4066,0.26561973992445226,0.0882729191286239,0.17734682079582836
KNN,0.4116,0.2639901480139164,0.08059055726466907,0.18339959074924733
KNN,0.4166,0.2623328603169131,0.0727776295502251,0.189555230766688
KNN,0.4215,0.26064716472504545,0.064830778902849,0.19581638582219646
KNN,0.4265,0.258932324506095,0.05674653215636821,0.20218579234972678
KNN,0.4314,0.25718757723041435,0.04852129499958807,0.20866628223082628
KNN,0.4364,0.25541213364065435,0.04015134664786241,0.21526078699279194
KNN,0.4413,0.25360517646130476,0.03163283423092855,0.2219723422303762
KNN,0.4463,0.25176585914427674,0.022961766879224965,0.22880409226505177
KNN,0.4513,0.24989330454648156,0.014134009489619181,0.23575929505686238
KNN,0.4562,0.24798660353506563,0.00514527615008703,0.2428413273849786
KNN,0.4612,0.24604481351564178,-0.004008876798625549,0.25005369031426733
KNN,0.4661,0.244066956878511,-0.013333058087956429,0.2574000149664674
KNN,0.4711,0.25665348731813276,-0.02283204925846638,0.27948553657659914
KNN,0.4761,0.25489371212220807,-0.032510812836052394,0.28740452495826047
KNN,0.481,0.2531003142784337,-0.042374500976811336,0.29547481525524505
KNN,0.486,0.2512723208901824,-0.05242846461219347,0.3037007855023759
KNN,0.4909,0.24940872115993484,-0.06267826312855512,0.31208698428848997
KNN,0.4959,0.24750846452550834,-0.07312967461790082,0.32063813914340916
KNN,0.5008,0.24557045868521277,-0.08378870673952649,0.32935916542473925
KNN,0.5058,0.24359356750413247,-0.09466160823546804,0.3382551757396005
KNN,0.5108,0.24157660879310244,-0.10575488114613335,0.3473314899392358
KNN,0.5157,0.23951835195125493,-0.11707529377629472,0.35659364572754965
KNN,0.5207,0.23741751546225828,-0.12862989446577616,0.3660474099280344
KNN,0.5256,0.23527276423354482,-0.1404260262237002,0.375698790457245
KNN,0.5306,0.23308270676691728,-0.15247134229015175,0.385554049057069
KNN,0.5355,0.21947103192376027,-0.1647738226945516,0.38424485461831187
KNN,0.5405,0.21794764171873313,-0.17734179188602545,0.39528943360475854
KNN,0.5455,0.216391018005813,-0.19018393751761647,0.4065749555234295
KNN,0.5504,0.21480006128389761,-0.20330933047341831,0.41810939175731593
KNN,0.5554,0.21317362300968856,-0.21672744623564294,0.4299010692453315
KNN,0.5603,0.21151050283250614,-0.2304481876973981,0.4419586905299042
KNN,0.5653,0.20980944563987663,-0.2444819095365915,0.4542913551764681
KNN,0.5703,0.20806913839861002,-0.25883944427704103,0.46690858267565105
KNN,0.5752,0.2062882067746591,-0.27353213017463623,0.4798203369492953
KNN,0.5802,0.20446521151347308,-0.28857184107942085,0.49303705259289393
KNN,0.5851,0.20259864456081045,-0.30397101843888746,0.5065696629996979
KNN,0.5901,0.20068692490203588,-0.31974270562377777,0.5204296305258136
KNN,0.595,0.19872839409577525,-0.3359005847754278,0.5346289788712031
KNN,0.6,0.19672131147540983,-0.3524590163934425,0.5491803278688523
MLP,0.01,0.453551912568306,0.453551912568306,0.0
MLP,0.015,0.4508014913809259,0.4508014913809259,0.0
MLP,0.0199,0.44802324290210177,0.44802324290210177,0.0
MLP,0.0249,0.4452167426721142,0.4452167426721142,0.0
MLP,0.0298,0.4423815575545442,0.4423815575545442,0.0
MLP,0.0348,0.4395172455134262,0.4395172455134262,0.0
MLP,0.0397,0.4366233553834964,0.4366233553834964,0.0
MLP,0.0447,0.4336994266332876,0.4336994266332876,0.0
MLP,0.0497,0.4307449891208076,0.4307449891208076,0.0
MLP,0.0546,0.42775956284153005,0.42775956284153005,0.0
MLP,0.0596,0.4247426576684133,0.4247426576684133,0.0
MLP,0.0645,0.4216937730836519,0.4216937730836519,0.0
MLP,0.0695,0.41861239790185256,0.41861239790185256,0.0
MLP,0.0745,0.4154980099843121,0.4154980099843121,0.0
MLP,0.0794,0.41235007594406325,0.41235007594406325,0.0
MLP,0.0844,0.4091680508413375,0.4091680508413375,0.0
MLP,0.0893,0.40595137786907937,0.40595137786907937,0.0
MLP,0.0943,0.4026994880281326,0.4026994880281326,0.0
MLP,0.0992,0.3994117997916982,0.3994117997916982,0.0
MLP,0.1042,0.3960877187586504,0.3960877187586504,0.0
MLP,0.1092,0.3927266372952753,0.3927266372952753,0.0
MLP,0.1141,0.38932793416497946,0.38932793416497946,0.0
MLP,0.1191,0.385890974145494,0.385890974145494,0.0
MLP,0.124,0.3824151076330788,0.3824151076330788,0.0
MLP,0.129,0.37889967023320914,0.37889967023320914,0.0
MLP,0.1339,0.3804150375557132,0.3753439823372029,0.005071055218510312
MLP,0.1389,0.3823254147155425,0.37174734868422105,0.010578066031321443
MLP,0.1439,0.38188289662540953,0.36810905790804993,0.013773838717359599
MLP,0.1488,0.3873588090679416,0.36442838206804357,0.022930426999898057
MLP,0.1538,0.3845377439887997,0.36070457616357626,0.023833167825223434
MLP,0.1587,0.3847767455798622,0.35693687763132687,0.027839867948535324
MLP,0.1637,0.3720283590743767,0.3531245058246798,0.0189038532496969
MLP,0.1687,0.37943371120166103,0.3492666614744985,0.030167049727162554
MLP,0.1736,0.3771858757005638,0.3453625261304874,0.031823349570076376
MLP,0.1786,0.37491090520313614,0.3414112615823236,0.033499643620812536
MLP,0.1835,0.37629328671989415,0.33741200925969667,0.03888127746019748
MLP,0.1885,0.37789287308789854,0.33336388961035657,0.04452898347754197
MLP,0.1934,0.3797136698560834,0.3292660014552212,0.05044766840086218
MLP,0.1984,0.37770223706303196,0.3251174213195527,0.052584815743479285
MLP,0.2034,0.379850591409006,0.32091720273915747,0.05893338866984854
MLP,0.2083,0.3779174881368968,0.3166643755405173,0.0612531125963795
MLP,0.2133,0.35956657712902873,0.3123579450936993,0.047208632035329434
MLP,0.2182,0.3411908374347778,0.30799689153683896,0.03319394589793884
MLP,0.2232,0.33918323626845237,0.3035801689709231,0.03560306729752927
MLP,0.2282,0.3468413396753438,0.29910670462353983,0.047734635051803975
MLP,0.2331,0.32866283685955816,0.2945753979801899,0.03408743887936827
MLP,0.2381,0.32685454548741877,0.2899851198816823,0.03686942560573647
MLP,0.243,0.32502256646186994,0.2853347115860583,0.03968785487581167
MLP,0.248,0.3285722921692872,0.28062298379340855,0.04794930837587863
MLP,0.2529,0.3268361946559959,0.27584871563185753,0.05098747902413836
MLP,0.2579,0.3250768993727387,0.27101065360290033,0.05406624576983837
MLP,0.2629,0.32329393823865804,0.2661075104841784,0.05718642775447963
MLP,0.2678,0.32148683049447496,0.2611379641876751,0.060348866306799864
MLP,0.2728,0.31965508227030426,0.2561006565712056,0.06355442569909864
MLP,0.2777,0.3177981861356679,0.25099419220095553,0.06680399393471237
MLP,0.2827,0.3223762041575122,0.2458171370627007,0.07655906709481153
MLP,0.2876,0.32062649754301414,0.24056801721920645,0.08005848032380769
MLP,0.2926,0.3188522642736681,0.2352453174111681,0.08360694686249998
MLP,0.2976,0.31705298500291235,0.22984747959890092,0.08720550540401142
MLP,0.3025,0.31522812561722297,0.2243729014418329,0.09085522417539008
MLP,0.3075,0.31337713670750605,0.21881993471268207,0.09455720199482398
MLP,0.3124,0.3114994530176196,0.21318688364302288,0.09831256937459673
MLP,0.3174,0.30959449286886254,0.20747200319675158,0.10212248967211096
MLP,0.3224,0.315459927140255,0.20167349726775957,0.11378642987249543
MLP,0.3273,0.31367690275544996,0.19578951679790296,0.117887385957547
MLP,0.3323,0.31186740003218444,0.1898181578111267,0.12204924222105773
MLP,0.3372,0.31003082474376803,0.1837574593593525,0.12627336538441553
MLP,0.3422,0.30816656474865345,0.17760540137547431,0.13056116337317913
MLP,0.3471,0.306273989310184,0.17135990242852528,0.13491408688165873
MLP,0.3521,0.3132614658416789,0.1650188173757734,0.1482426484659055
MLP,0.3571,0.3115054069863363,0.15857993490618388,0.1529254720801524
MLP,0.362,0.30972205427628735,0.15204097496933783,0.15768107930694952
MLP,0.367,0.30791076639833914,0.14539958608352754,0.1625111803148116
MLP,0.3719,0.2896774391661585,0.13865334251635175,0.15102409664980676
MLP,0.3769,0.287808275206438,0.13179974133070982,0.15600853387572816
MLP,0.3818,0.28590912737678176,0.12483619928863687,0.16107292808814488
MLP,0.3868,0.28397926837213583,0.1177600496049353,0.16621921876720053
MLP,0.3918,0.28201794717316164,0.11056853854202991,0.17144940863113173
MLP,0.3967,0.28002438807176666,0.10325882183691504,0.17676556623485162
MLP,0.4017,0.27799778964818567,0.09582796095045126,0.1821698286977344
MLP,0.4066,0.2759373236967782,0.0882729191286239,0.1876644045681543
MLP,0.4116,0.2738421340975178,0.08059055726466907,0.19325157683284871
MLP,0.4166,0.27171133562994215,0.0727776295502251,0.19893370607971705
MLP,0.4215,0.25315057010316155,0.064830778902849,0.18831979120031256
MLP,0.4265,0.2509457755359395,0.05674653215636821,0.19419924337957128
MLP,0.4314,0.24870252903863582,0.04852129499958807,0.20018123403904775
MLP,0.4364,0.24641981585180156,0.04015134664786241,0.20626846920393915
MLP,0.4413,0.24409658519263777,0.03163283423092855,0.21246375096170922
MLP,0.4463,0.24173174864217314,0.022961766879224965,0.21876998176294818
MLP,0.4513,0.23932417844500792,0.014134009489619181,0.22519016895538874
MLP,0.4562,0.2342329333140797,0.00514527615008703,0.22908765716399268
MLP,0.4612,0.24604481351564178,-0.004008876798625549,0.25005369031426733
MLP,0.4661,0.244066956878511,-0.013333058087956429,0.2574000149664674
MLP,0.4711,0.2420520193574937,-0.02283204925846638,0.2648840686159601
MLP,0.4761,0.23999894829558152,-0.032510812836052394,0.27250976113163394
MLP,0.481,0.23790665081117812,-0.042374500976811336,0.28028115178798946
MLP,0.486,0.2357739918582183,-0.05242846461219347,0.28820245647041176
MLP,0.4909,0.23359979217292945,-0.06267826312855512,0.29627805530148454
MLP,0.4959,0.23138282609943187,-0.07312967461790082,0.3045125007173327
MLP,0.5008,0.2291218192857537,-0.08378870673952649,0.3129105260252802
MLP,0.5058,0.22681544624116,-0.09466160823546804,0.32147705447662805
MLP,0.5108,0.2244623277449583,-0.10575488114613335,0.33021720889109163
MLP,0.5157,0.2220610280961362,-0.11707529377629472,0.3391363218724309
MLP,0.5207,0.21961005219230678,-0.12862989446577616,0.34823994665808294
MLP,0.5256,0.21710784242547443,-0.1404260262237002,0.35753386864917464
MLP,0.5306,0.21455277538107562,-0.15247134229015175,0.36702411767122733
MLP,0.5355,0.21194315832559685,-0.1647738226945516,0.37671698102014844
MLP,0.5405,0.20927722546679936,-0.17734179188602545,0.3866190173528248
MLP,0.5455,0.20983242864806376,-0.19018393751761647,0.40001636616568026
MLP,0.5504,0.2074459935651907,-0.20330933047341831,0.41075532403860904
MLP,0.5554,0.18861289353092636,-0.21672744623564294,0.4053403397665693
MLP,0.5603,0.18611821326515268,-0.2304481876973981,0.4165664009625508
MLP,0.5653,0.22620288826282747,-0.2444819095365915,0.47068479779941896
MLP,0.5703,0.22446258102156086,-0.25883944427704103,0.4833020252986019
MLP,0.5752,0.22268164939760993,-0.27353213017463623,0.49621377957224616
MLP,0.5802,0.20446521151347308,-0.28857184107942085,0.49303705259289393
MLP,0.5851,0.20259864456081045,-0.30397101843888746,0.5065696629996979
MLP,0.5901,0.20068692490203588,-0.31974270562377777,0.5204296305258136
MLP,0.595,0.19872839409577525,-0.3359005847754278,0.5346289788712031
MLP,0.6,0.19672131147540983,-0.3524590163934425,0.5491803278688523
Hybrid Ensemble,0.01,0.453551912568306,0.453551912568306,0.0
Hybrid Ensemble,0.015,0.4508014913809259,0.4508014913809259,0.0
Hybrid Ensemble,0.0199,0.44802324290210177,0.44802324290210177,0.0
Hybrid Ensemble,0.0249,0.4452167426721142,0.4452167426721142,0.0
Hybrid Ensemble,0.0298,0.4423815575545442,0.4423815575545442,0.0
Hybrid Ensemble,0.0348,0.4395172455134262,0.4395172455134262,0.0
Hybrid Ensemble,0.0397,0.4366233553834964,0.4366233553834964,0.0
Hybrid Ensemble,0.0447,0.4336994266332876,0.4336994266332876,0.0
Hybrid Ensemble,0.0497,0.4307449891208076,0.4307449891208076,0.0
Hybrid Ensemble,0.0546,0.42775956284153005,0.42775956284153005,0.0
Hybrid Ensemble,0.0596,0.4247426576684133,0.4247426576684133,0.0
Hybrid Ensemble,0.0645,0.4216937730836519,0.4216937730836519,0.0
Hybrid Ensemble,0.0695,0.41861239790185256,0.41861239790185256,0.0
Hybrid Ensemble,0.0745,0.4154980099843121,0.4154980099843121,0.0
Hybrid Ensemble,0.0794,0.41235007594406325,0.41235007594406325,0.0
Hybrid Ensemble,0.0844,0.41218916251414267,0.4091680508413375,0.0030211116728051657
Hybrid Ensemble,0.0893,0.410775470193947,0.40595137786907937,0.004824092324867635
Hybrid Ensemble,0.0943,0.41123235248487355,0.4026994880281326,0.008532864456740952
Hybrid Ensemble,0.0992,0.41205519844492466,0.3994117997916982,0.012643398653226445
Hybrid Ensemble,0.1042,0.39304278288684524,0.3960877187586504,-0.0030449358718051545
Hybrid Ensemble,0.1092,0.3903946580975194,0.3927266372952753,-0.002331979197755907
Hybrid Ensemble,0.1141,0.39405220647464784,0.38932793416497946,0.004724272309668376
Hybrid Ensemble,0.1191,0.3938726712882528,0.385890974145494,0.007981697142758815
Hybrid Ensemble,0.124,0.3938766780317804,0.3824151076330788,0.011461570398701604
Hybrid Ensemble,0.129,0.3989229199781737,0.37889967023320914,0.020023249744964555
Hybrid Ensemble,0.1339,0.3995189814623345,0.3753439823372029,0.024174999125131602
Hybrid Ensemble,0.1389,0.40031068669438635,0.37174734868422105,0.028563338010165307
Hybrid Ensemble,0.1439,0.39854666692412155,0.36810905790804993,0.03043760901607162
Hybrid Ensemble,0.1488,0.39676209681987606,0.36442838206804357,0.0323337147518325
Hybrid Ensemble,0.1538,0.39495661516922526,0.36070457616357626,0.03425203900564899
Hybrid Ensemble,0.1587,0.39312985224449826,0.35693687763132687,0.03619297461317139
Hybrid Ensemble,0.1637,0.3912814295503663,0.3531245058246798,0.03815692372568652
Hybrid Ensemble,0.1687,0.3927367090159792,0.3492666614744985,0.043470047541480705
Hybrid Ensemble,0.1736,0.3944061586266449,0.3453625261304874,0.04904363249615751
Hybrid Ensemble,0.1786,0.39272986457590875,0.3414112615823236,0.05131860299358515
Hybrid Ensemble,0.1835,0.39103321207540037,0.33741200925969667,0.053621202815703706
Hybrid Ensemble,0.1885,0.39312347961302174,0.33336388961035657,0.059759590002665175
Hybrid Ensemble,0.1934,0.3915091600367563,0.3292660014552212,0.06224315858153506
Hybrid Ensemble,0.1984,0.389874870892402,0.3251174213195527,0.06475744957284935
Hybrid Ensemble,0.2034,0.38822023933042815,0.32091720273915747,0.06730303659127068
Hybrid Ensemble,0.2083,0.38654488316126684,0.3166643755405173,0.06988050762074954
Hybrid Ensemble,0.2133,0.36845496793805443,0.3123579450936993,0.05609702284435514
Hybrid Ensemble,0.2182,0.3503435345199768,0.30799689153683896,0.04234664298313784
Hybrid Ensemble,0.2232,0.353313802129516,0.3035801689709231,0.049733633158592916
Hybrid Ensemble,0.2282,0.35168708782137664,0.29910670462353983,0.05258038319783681
Hybrid Ensemble,0.2331,0.3550224004196262,0.2945753979801899,0.06044700243943629
Hybrid Ensemble,0.2381,0.35349230772012363,0.2899851198816823,0.06350718783844134
Hybrid Ensemble,0.243,0.3519421716215823,0.2853347115860583,0.06660746003552404
Hybrid Ensemble,0.248,0.35037159569069903,0.28062298379340855,0.06974861189729048
Hybrid Ensemble,0.2529,0.34878017297018205,0.27584871563185753,0.07293145733832451
Hybrid Ensemble,0.2579,0.3471674856271963,0.27101065360290033,0.07615683202429596
Hybrid Ensemble,0.2629,0.3455331045876223,0.2661075104841784,0.07942559410344391
Hybrid Ensemble,0.2678,0.34387658915545455,0.2611379641876751,0.08273862496777945
Hybrid Ensemble,0.2728,0.32580404399368057,0.2561006565712056,0.06970338742247495
Hybrid Ensemble,0.2777,0.32410188920359717,0.25099419220095553,0.07310769700264164
Hybrid Ensemble,0.2827,0.3223762041575122,0.2458171370627007,0.07655906709481153
Hybrid Ensemble,0.2876,0.32062649754301414,0.24056801721920645,0.08005848032380769
Hybrid Ensemble,0.2926,0.32563320597159096,0.2352453174111681,0.09038788856042285
Hybrid Ensemble,0.2976,0.32399749754363116,0.22984747959890092,0.09415001794473024
Hybrid Ensemble,0.3025,0.3223385344657318,0.2243729014418329,0.09796563302389891
Hybrid Ensemble,0.3075,0.32065581727508,0.21881993471268207,0.10183588256239795
Hybrid Ensemble,0.3124,0.318948832102456,0.21318688364302288,0.10576194845943312
Hybrid Ensemble,0.3174,0.31721705014904045,0.20747200319675158,0.10974504695228887
Hybrid Ensemble,0.3224,0.315459927140255,0.20167349726775957,0.11378642987249543
Hybrid Ensemble,0.3273,0.31367690275544996,0.19578951679790296,0.117887385957547
Hybrid Ensemble,0.3323,0.31186740003218444,0.1898181578111267,0.12204924222105773
Hybrid Ensemble,0.3372,0.3183720045644732,0.1837574593593525,0.13461454520512067
Hybrid Ensemble,0.3422,0.3003007279459192,0.17760540137547431,0.12269532657044491
Hybrid Ensemble,0.3471,0.30731427341536033,0.17135990242852528,0.13595437098683505
Hybrid Ensemble,0.3521,0.3057770406752992,0.1650188173757734,0.1407582232995258
Hybrid Ensemble,0.3571,0.3042160994705503,0.15857993490618388,0.1456361645643664
Hybrid Ensemble,0.362,0.3026308970616179,0.15204097496933783,0.15058992209228006
Hybrid Ensemble,0.367,0.3010208633923306,0.14539958608352754,0.15562127730880304
Hybrid Ensemble,0.3719,0.29938541040634853,0.13865334251635175,0.16073206788999678
Hybrid Ensemble,0.3769,0.2977239313310414,0.13179974133070982,0.1659241900003316
Hybrid Ensemble,0.3818,0.29603579992690254,0.12483619928863687,0.17119960063826567
Hybrid Ensemble,0.3868,0.29432036970055064,0.1177600496049353,0.17656032009561534
Hybrid Ensemble,0.3918,0.2925769730792402,0.11056853854202991,0.18200843453721027
Hybrid Ensemble,0.3967,0.2908049205446669,0.10325882183691504,0.18754609870775185
Hybrid Ensemble,0.4017,0.289003499723706,0.09582796095045126,0.19317553877325472
Hybrid Ensemble,0.4066,0.287171974433566,0.0882729191286239,0.19889905530494212
Hybrid Ensemble,0.4116,0.2853095836786679,0.08059055726466907,0.2047190264139988
Hybrid Ensemble,0.4166,0.2834155405963784,0.0727776295502251,0.21063791104615331
Hybrid Ensemble,0.4215,0.2814890313485297,0.064830778902849,0.2166582524456807
Hybrid Ensemble,0.4265,0.27952921395544345,0.05674653215636821,0.22278268179907523
Hybrid Ensemble,0.4314,0.2775352170689513,0.04852129499958807,0.22901392206936322
Hybrid Ensemble,0.4364,0.27550613868065416,0.04015134664786241,0.23535479203279175
Hybrid Ensemble,0.4413,0.27344104476139747,0.03163283423092855,0.24180821053046891
Hybrid Ensemble,0.4463,0.2713389678276511,0.022961766879224965,0.24837720094842614
Hybrid Ensemble,0.4513,0.26919890543017094,0.014134009489619181,0.25506489594055176
Hybrid Ensemble,0.4562,0.26701981855998136,0.00514527615008703,0.26187454240989433
Hybrid Ensemble,0.4612,0.2788316987615434,-0.004008876798625549,0.28284057556016895
Hybrid Ensemble,0.4661,0.2768538421244126,-0.013333058087956429,0.29018690021236904
Hybrid Ensemble,0.4711,0.27483890460339533,-0.02283204925846638,0.2976709538618617
Hybrid Ensemble,0.4761,0.2727858335414831,-0.032510812836052394,0.3052966463775355
Hybrid Ensemble,0.481,0.27069353605707974,-0.042374500976811336,0.3130680370338911
Hybrid Ensemble,0.486,0.2685608771041199,-0.05242846461219347,0.3209893417163134
Hybrid Ensemble,0.4909,0.26638667741883104,-0.06267826312855512,0.32906494054738616
Hybrid Ensemble,0.4959,0.2641697113453335,-0.07312967461790082,0.33729938596323433
Hybrid Ensemble,0.5008,0.2619087045316553,-0.08378870673952649,0.3456974112711818
Hybrid Ensemble,0.5058,0.25960233148706163,-0.09466160823546804,0.3542639397225297
Hybrid Ensemble,0.5108,0.2572492129908599,-0.10575488114613335,0.36300409413699325
Hybrid Ensemble,0.5157,0.2548479133420378,-0.11707529377629472,0.37192320711833254
Hybrid Ensemble,0.5207,0.2523969374382084,-0.12862989446577616,0.38102683190398456
Hybrid Ensemble,0.5256,0.24989472767137605,-0.1404260262237002,0.39032075389507626
Hybrid Ensemble,0.5306,0.23094621800402645,-0.15247134229015175,0.3834175602941782
Hybrid Ensemble,0.5355,0.2497486259702741,-0.1647738226945516,0.4145224486648257
Hybrid Ensemble,0.5405,0.24784438821399019,-0.17734179188602545,0.42518618010001563
Hybrid Ensemble,0.5455,0.24589860857284002,-0.19018393751761647,0.4360825460904565
Hybrid Ensemble,0.5504,0.24390991267044582,-0.20330933047341831,0.44721924314386413
Hybrid Ensemble,0.5554,0.2418768648276845,-0.21672744623564294,0.45860431106332744
Hybrid Ensemble,0.5603,0.23979796460620645,-0.2304481876973981,0.47024615230360456
Hybrid Ensemble,0.5653,0.23767164311541958,-0.2444819095365915,0.4821535526520111
Hybrid Ensemble,0.5703,0.2354962590638363,-0.25883944427704103,0.49433570334087734
Hybrid Ensemble,0.5752,0.23327009453389763,-0.27353213017463623,0.5068022247085339
Hybrid Ensemble,0.5802,0.23099135045741512,-0.28857184107942085,0.5195631915368359
Hybrid Ensemble,0.5851,0.22865814176658686,-0.30397101843888746,0.5326291602054744
Hybrid Ensemble,0.5901,0.22626849219311862,-0.31974270562377777,0.5460111978168964
Hybrid Ensemble,0.595,0.2238203286852929,-0.3359005847754278,0.5597209134607206
Hybrid Ensemble,0.6,0.2213114754098361,-0.3524590163934425,0.5737704918032787
