target,prob_knn,prob_svm,prob_random_forest,prob_hybrid_unweighted,prob_hybrid_weighted
0,3.238856394409212e-08,0.07442045148441459,0.02,0.03147349462432618,0.00304486949246351
0,0.0,0.0743893500094803,0.072,0.048796450003160095,0.010961431325289407
1,1.0,0.9307615868536918,0.972,0.9675871956178973,0.9957372211512764
1,1.0,0.9942637416287649,0.984,0.9927545805429215,0.997564126372158
1,1.0,0.991720712825326,0.98,0.9905735709417754,0.9969551579651974
0,0.0,0.019130958048093113,0.028,0.01571031934936437,0.004262778848723659
1,1.0,0.9308443443077501,0.78,0.9036147814359167,0.9665067376171713
1,1.0,0.986577776252477,0.992,0.9928592587508257,0.998782063186079
1,0.9999999777899607,0.9308603054799867,0.836,0.9222867610899824,0.9750322764858823
1,1.0,0.923687785182665,0.916,0.9465625950608884,0.987211663453829
0,0.07879095524731788,0.14277232721889238,0.08,0.10052109415540343,0.0789750227615641
1,1.0,0.993788706704796,0.94,0.9779295689015987,0.9908654738955922
0,0.0,0.0003514297503936798,0.0,0.0001171432501312266,0.0
0,0.0,0.07436490220122319,0.052,0.04212163406707439,0.007916589290486794
0,0.506778018719211,0.6030252321799661,0.3,0.4699344169663924,0.4752976985557382
0,0.0,0.0012313648457485775,0.008,0.0030771216152495257,0.0012179368139210453
1,1.0,0.9790542264026423,0.96,0.979684742134214,0.9939103159303948
0,0.0,0.09174943268592145,0.032,0.04124981089530715,0.004871747255684181
1,1.0,0.9952166378395199,1.0,0.9984055459465067,1.0
0,0.0,0.034277428327210195,0.06,0.0314258094424034,0.00913452610440784
0,0.0,0.081362539526289,0.1,0.060454179842096334,0.015224210174013068
1,0.5669942636795823,0.17634828726461282,0.592,0.445114183648065,0.5708011895325622
0,0.0,0.07662567391094992,0.068,0.048208557970316646,0.010352462918328887
0,0.0,0.023389012750945494,0.02,0.014463004250315164,0.0030448420348026133
0,0.0,0.07429485920656279,0.032,0.035431619735520926,0.004871747255684181
1,1.0,0.9406153301737897,0.992,0.9775384433912633,0.998782063186079
0,0.07879095524731788,0.14277232721889238,0.08,0.10052109415540343,0.0789750227615641
0,0.0,0.0017705572814425464,0.004,0.0019235190938141822,0.0006089684069605227
1,1.0,0.940593701743789,0.928,0.956197900581263,0.9890385686747106
0,0.0,0.0742449783589545,0.032,0.03541499278631816,0.004871747255684181
1,1.0,0.9496874444178762,0.952,0.9672291481392921,0.9926923791164738
1,1.0,0.9307896124588032,0.9,0.9435965374862677,0.984775789825987
0,0.0,0.018947031002443826,0.164,0.06098234366748128,0.024967704685381432
0,0.0,0.005276027527601025,0.004,0.003092009175867008,0.0006089684069605227
0,0.0,0.07150251263845533,0.048,0.03983417087948511,0.007307620883526272
1,1.0,0.9497069522562972,0.852,0.9339023174187657,0.9774681689424607
0,0.0,0.0011077657916515181,0.004,0.0017025885972171727,0.0006089684069605227
1,1.0,0.9660294015752658,0.872,0.9460098005250885,0.9805130109772633
1,1.0,0.930769107480724,0.984,0.9715897024935747,0.997564126372158
1,1.0,0.930884862828013,0.804,0.9116282876093376,0.9701605480589344
0,0.0,0.0953716462649277,0.276,0.1237905487549759,0.04201882008027607
0,0.0,0.07451588728595712,0.008,0.02750529576198571,0.0012179368139210453
1,1.0,0.9884757130416382,0.988,0.9921585710138793,0.9981730947791184
0,0.0,0.09168447284648357,0.312,0.13456149094882786,0.04749953574292077
1,1.0,0.9108286206738623,0.912,0.9409428735579541,0.9866026950468685
1,1.0,0.8292953525096672,0.796,0.8750984508365557,0.9689426112450134
0,0.0,0.09172250048756793,0.032,0.04124083349585598,0.004871747255684181
1,1.0,0.940593170835927,0.916,0.9521977236119756,0.987211663453829
1,1.0,0.9752248856403468,0.952,0.9757416285467823,0.9926923791164738
1,1.0,0.9307932372837928,0.876,0.9355977457612643,0.9811219793842239
0,0.0,0.07447645881520878,0.096,0.05682548627173626,0.014615241767052544
0,0.0,0.043309229396189745,0.016,0.01976974313206325,0.0024358736278420907
1,1.0,0.9999958294348112,0.996,0.9986652764782704,0.9993910315930394
0,0.0,0.08137257146612455,0.008,0.029790857155374845,0.0012179368139210453
1,1.0,0.9358775248323425,0.908,0.9479591749441142,0.985993726639908
0,0.0,0.8319074592695047,0.312,0.3813024864231682,0.04749953574292077
1,0.8962260306516476,0.9869393305834481,0.856,0.9130551204116985,0.8901019352005779
0,0.0,0.0029809736946503165,0.056,0.01966032456488344,0.008525557697447318
1,1.0,0.9999958294348112,0.996,0.9986652764782704,0.9993910315930394
0,0.0,0.0915747051939002,0.072,0.05452490173130006,0.010961431325289407
0,0.0,0.04157849784204517,0.0,0.013859499280681723,0.0
1,1.0,0.9357929208198196,0.776,0.9039309736066065,0.9658977692102108
0,0.0,0.018027491093291246,0.0,0.006009163697763748,0.0
0,0.0,0.09225132476504053,0.308,0.13341710825501352,0.04689056733596025
0,6.732657573923305e-08,0.09169113442692631,0.064,0.05189706725116735,0.009743551588004709
1,1.0,0.9957996771627513,0.944,0.9799332257209171,0.9914744423025528
0,0.08625070747903786,0.1772838983554342,0.1,0.12117820194482402,0.088343928669869
0,0.0,0.0813114994169855,0.004,0.0284371664723285,0.0006089684069605227
1,1.0,0.9358335117567609,0.852,0.9292778372522537,0.9774681689424607
1,1.0,0.9930698456976955,1.0,0.9976899485658985,1.0
0,0.0,0.07664455933845749,0.032,0.03621485311281916,0.004871747255684181
1,1.0,0.9662422187184332,0.988,0.9847474062394778,0.9981730947791184
0,0.0,0.22691245323525225,0.076,0.10097081774508408,0.011570399732249931
0,0.08260909858238914,0.06130119037363798,0.116,0.08663676298534238,0.08769259959320373
0,0.0,0.0073349767400097635,0.044,0.017111658913336585,0.006698652476565749
1,1.0,0.9108106737903621,0.908,0.9396035579301207,0.985993726639908
0,0.0,0.01181626754213653,0.012,0.007938755847378845,0.001826905220881568
1,0.9999999343278213,0.9107025469515937,0.912,0.9409008270931384,0.9866026393727603
1,1.0,0.9999993669617222,0.996,0.9986664556539074,0.9993910315930394
1,1.0,0.9497649166633839,0.832,0.927254972221128,0.9744233269076581
0,0.0,0.02033839814536349,0.068,0.029446132715121167,0.010352462918328887
1,1.0,0.9934628911894368,0.992,0.9951542970631456,0.998782063186079
1,1.0,0.8916322643308389,0.956,0.9492107547769463,0.9933013475234342
0,0.0,0.0073170284885298665,0.052,0.019772342829509956,0.007916589290486794
0,0.0,0.012696359977084808,0.048,0.020232119992361602,0.007307620883526272
1,0.9999999210074251,0.9108278310639784,0.936,0.9489425840238012,0.9902564385220524
1,1.0,0.9867303274195165,0.876,0.9542434424731722,0.9811219793842239
1,1.0,0.9496847715996549,0.88,0.9432282571998849,0.9817309477911844
0,0.0,0.05345604795857409,0.296,0.1164853493195247,0.04506366211507867
0,0.0,0.0767233260865991,0.012,0.029574442028866364,0.001826905220881568
1,1.0,0.9894004863688732,0.936,0.9751334954562911,0.9902565054886316
0,0.0,0.07438416265912962,0.08,0.05146138755304321,0.012179368139210453
1,1.0,0.9405602361623079,0.908,0.9495200787207693,0.985993726639908
1,1.0,0.9660087633066766,0.932,0.9660029211022255,0.9896475370816712
0,0.0,0.0767057215794447,0.044,0.040235240526481565,0.006698652476565749
0,0.0,0.07417210044165373,0.156,0.07672403348055125,0.023749767871460385
0,0.0,0.07423464616048697,0.008,0.027411548720162326,0.0012179368139210453
1,1.0,0.8208837889662509,0.824,0.8816279296554169,0.973205390093737
1,1.0,0.9308185659098768,0.876,0.9356061886366255,0.9811219793842239
0,0.0,0.05541483750752361,0.004,0.019804945835841203,0.0006089684069605227
1,1.0,0.999984292198576,0.996,0.9986614307328586,0.9993910315930394
1,0.6944442408657299,0.4046314116305411,0.64,0.5796918841654236,0.6861555352086853
0,0.0,0.08139162968192207,0.016,0.03246387656064069,0.0024358736278420907
1,1.0,0.9894004863688732,0.936,0.9751334954562911,0.9902565054886316
0,0.0,0.0743893500094803,0.072,0.048796450003160095,0.010961431325289407
1,1.0,0.9358416556054313,0.944,0.9599472185351438,0.9914744423025528
0,0.08264121982178863,0.03736736765768652,0.072,0.06400286249315838,0.08102117815104079
1,1.0,0.9857279341904319,0.984,0.9899093113968106,0.997564126372158
0,0.0,0.08132318507868139,0.02,0.03377439502622713,0.0030448420348026133
0,0.0,0.0744928850755293,0.124,0.06616429502517644,0.018878020615776203
0,1.0,0.999996926121832,0.964,0.987998975373944,0.9945192843373554
1,1.0,0.9770843303080675,0.932,0.9696947767693559,0.9896475370816712
1,1.0,0.8924510635232518,0.956,0.949483687841084,0.9933013475234342
1,0.5810328874500221,0.05973316489954182,0.38,0.34025535078318797,0.5504272181457437
0,0.0,0.07665921049745812,0.116,0.06421973683248604,0.01766008380185516
0,0.0,0.03460610194372369,0.0,0.011535367314574564,0.0
1,1.0,0.9909714564255292,0.988,0.9929904854751763,0.9981730947791184
1,1.0,0.9941080578902416,0.996,0.9967026859634139,0.9993910315930394
0,0.0,0.01656256193693664,0.076,0.030854187312312212,0.011570399732249931
1,1.0,0.9621450560185192,0.932,0.9647150186728397,0.9896475370816712
1,1.0,0.9779134934727183,0.972,0.9833044978242395,0.9957372211512764
0,0.0,0.009850763524244265,0.004,0.004616921174748088,0.0006089684069605227
0,0.0,0.03382211585977764,0.024,0.01927403861992588,0.003653810441763136
0,0.0,0.003261713093563232,0.044,0.015753904364521076,0.006698652476565749
1,1.0,0.9406478797357947,0.904,0.9482159599119315,0.9853847582329475
1,1.0,0.9497354705244413,0.904,0.9512451568414804,0.9853847582329475
0,0.0,0.09170658347321528,0.096,0.06256886115773842,0.014615241767052544
0,0.0,0.09164983122481983,0.008,0.03321661040827328,0.0012179368139210453
0,0.0,0.07441330241782777,0.044,0.03947110080594259,0.006698652476565749
0,0.0,0.0003035574191336865,0.0,0.0001011858063778955,0.0
0,0.0,0.07674982401791952,0.004,0.026916608005973175,0.0006089684069605227
0,0.0,0.02983296596797918,0.0,0.009944321989326392,0.0
0,0.0,0.07426038633884438,0.044,0.039420128779614795,0.006698652476565749
1,1.0,0.9559321677666038,0.924,0.9599773892555347,0.9884296002677501
1,1.0,0.9405458736169238,0.9,0.9468486245389746,0.984775789825987
1,1.0,0.9660087633066766,0.932,0.9660029211022255,0.9896475370816712
1,1.0,0.9962122449130557,0.96,0.9854040816376853,0.9939103159303948
0,0.0,0.07659749391857401,0.024,0.033532497972858004,0.003653810441763136
1,1.0,0.9405602361623079,0.908,0.9495200787207693,0.985993726639908
1,0.9201998316263851,0.9892552782378501,0.912,0.9404850366214118,0.9189514720256691
0,0.0,0.07449453759087171,0.08,0.05149817919695724,0.012179368139210453
0,0.4760213248851007,0.6537492555510227,0.432,0.5205901934787077,0.46931942586320785
1,1.0,0.9107693551775994,0.904,0.9382564517258665,0.9853847582329475
1,1.0,0.9807388667401297,0.964,0.9815796222467098,0.9945192843373554
1,0.7418116868278637,0.9385829127259686,0.688,0.7894648665179441,0.733619282527008
1,1.0,0.9999982720062448,0.992,0.9973327573354149,0.998782063186079
0,0.0,0.04274115998441187,0.052,0.03158038666147062,0.007916589290486794
1,1.0,0.949716209346772,0.916,0.955238736448924,0.987211663453829
0,1.7234121556367953e-08,0.07668359804824672,0.044,0.04022787176078942,0.006698667086928418
0,0.1706741854825667,0.6744075128625643,0.468,0.437693899448377,0.215939692386297
1,1.0,0.9929912885200538,0.984,0.9923304295066847,0.997564126372158
0,0.0,0.08132960886861859,0.024,0.03510986962287286,0.003653810441763136
1,1.0,0.967524587708447,0.984,0.983841529236149,0.997564126372158
0,0.0842322575118287,0.5470899860288103,0.428,0.3531074145135464,0.1365681811386879
1,1.0,0.9855288285860261,0.98,0.9885096095286753,0.9969551579651974
1,1.0,0.9650327970398039,0.944,0.9696775990132679,0.9914744423025528
1,1.0,0.9676784584695614,0.964,0.977226152823187,0.9945192843373554
0,0.0,0.8319074592695047,0.312,0.3813024864231682,0.04749953574292077
1,1.0,0.9888631969834297,0.988,0.99228773232781,0.9981730947791184
1,1.0,0.9307982211310399,0.944,0.9582660737103467,0.9914744423025528
1,1.0,0.9358656167457227,0.968,0.9679552055819075,0.9951282527443158
1,1.0,0.9764657755236942,0.908,0.9614885918412314,0.985993726639908
0,0.0,0.07674711000084097,0.148,0.07491570333361365,0.022531831057539337
0,0.0,0.004648024567586223,0.012,0.005549341522528742,0.001826905220881568
0,0.0,0.009693907088691398,0.18,0.06323130236289713,0.027403578313223518
0,0.0,0.08131388007402146,0.18,0.08710462669134049,0.027403578313223518
0,2.387968617063314e-08,0.08133492446585482,0.12,0.06711164944851367,0.01826907245300824
0,0.0,0.07422475543957752,0.248,0.10740825181319251,0.037756041231552406
1,0.6911430736531303,0.8936532260806124,0.936,0.8402654332445808,0.7284206067458061
0,0.0,0.01534429823005749,0.0,0.00511476607668583,0.0
0,0.0,0.0003035574191336865,0.0,0.0001011858063778955,0.0
1,1.0,0.9999815220210807,0.96,0.9866605073403601,0.9939103159303948
1,1.0,0.9556693361390055,0.988,0.9812231120463352,0.9981730947791184
0,0.0,0.09163382890131819,0.104,0.0652112763004394,0.01583317858097359
1,1.0,0.9443426142361365,0.944,0.9627808714120455,0.9914744423025528
1,1.0,0.9914633952341994,1.0,0.9971544650780665,1.0
1,1.0,0.9999846670455023,0.992,0.9973282223485008,0.998782063186079
0,0.0,0.07429047791163697,0.012,0.028763492637212323,0.001826905220881568
1,0.26758200107005786,0.9287069354972369,0.452,0.5494296455224316,0.2956581848258614
1,1.0,0.9107246774092889,0.864,0.9249082258030962,0.9792950741633423
1,1.0,0.9541645000143205,0.976,0.9767215000047735,0.9963461895582368
1,1.0,0.9703674016490478,0.968,0.9794558005496826,0.9951282527443158
0,0.0,0.004140832448761774,0.02,0.008046944149587258,0.0030448420348026133
0,0.506778018719211,0.6030252321799661,0.3,0.4699344169663924,0.4752976985557382
0,0.0,0.07674916737239228,0.008,0.02824972245746409,0.0012179368139210453
1,1.0,0.9999963399790628,1.0,0.999998779993021,1.0
0,2.692478073172905e-08,0.0916885955070342,0.02,0.037229540810604984,0.0030448648604981376
0,0.0,0.055819036608859805,0.016,0.023939678869619934,0.0024358736278420907
1,1.0,0.9622888387558677,0.764,0.9087629462519559,0.9640708639893292
0,0.0,0.0017705572814425464,0.004,0.0019235190938141822,0.0006089684069605227
0,0.0,0.07444622843355278,0.172,0.08214874281118426,0.026185641499302473
0,0.0,0.07441330241782777,0.044,0.03947110080594259,0.006698652476565749
0,0.0,0.03857491905264213,0.12,0.05285830635088071,0.01826905220881568
0,0.0,0.007797255835934054,0.008,0.005265751945311352,0.0012179368139210453
0,0.0,0.040762880984718815,0.012,0.017587626994906274,0.001826905220881568
0,0.0,0.031080847743431454,0.0,0.010360282581143817,0.0
1,1.0,0.9497069522562972,0.852,0.9339023174187657,0.9774681689424607
0,0.0,0.038460929097130475,0.004,0.014153643032376826,0.0006089684069605227
0,0.0,0.008569905109562364,0.0,0.002856635036520788,0.0
1,0.22709247917820877,0.6306833315537906,0.332,0.39659193691066646,0.24306382063646478
1,1.0,0.9935926868867132,1.0,0.9978642289622378,1.0
1,0.8220513845216224,0.955908534879815,0.776,0.8513199731338125,0.8150404249540077
1,1.0,0.992138410657441,0.98,0.9907128035524804,0.9969551579651974
0,0.0,0.023389012750945494,0.02,0.014463004250315164,0.0030448420348026133
1,1.0,0.9667331907178934,0.824,0.9302443969059645,0.973205390093737
0,0.08786779454195726,0.2592285303526618,0.212,0.18636544163153967,0.10676594239452741
0,0.0,0.09166579611972987,0.06,0.050555265373243286,0.00913452610440784
1,1.0,0.930884862828013,0.804,0.9116282876093376,0.9701605480589344
0,0.0,0.07422475543957752,0.248,0.10740825181319251,0.037756041231552406
0,0.0,0.08139473400580219,0.08,0.053798244668600725,0.012179368139210453
1,1.0,0.9329334991671423,0.976,0.9696444997223809,0.9963461895582368
1,1.0,0.9496910665707783,0.824,0.9245636888569261,0.973205390093737
0,0.5341375747046742,0.7771029412795606,0.364,0.5584135053280782,0.5082354727466661
1,1.0,0.8208837889662509,0.824,0.8816279296554169,0.973205390093737
1,1.0,0.9389043946580572,0.952,0.9636347982193524,0.9926923791164738
1,1.0,0.9497166254617183,0.944,0.9645722084872395,0.9914744423025528
1,0.9173337737734603,0.939894019217799,0.944,0.9337425976637531,0.9213934960996666
0,0.0,0.031305339601803275,0.012,0.01443511320060109,0.001826905220881568
0,0.08786779454195726,0.2592285303526618,0.212,0.18636544163153967,0.10676594239452741
0,0.0,0.06056559934609707,0.004,0.021521866448699023,0.0006089684069605227
1,1.0,0.9871965283166184,0.964,0.9837321761055394,0.9945192843373554
1,0.7678912244750813,0.8979275985241244,0.868,0.8446062743330686,0.783131994863626
1,1.0,0.9307879122593453,0.928,0.9529293040864485,0.9890385686747106
0,0.0,0.000576732060861368,0.0,0.00019224402028712265,0.0
0,0.0,0.07667572944954733,0.044,0.040225243149849106,0.006698652476565749
0,0.0,0.04545202599775378,0.004,0.016484008665917926,0.0006089684069605227
1,1.0,0.9497566414864216,0.984,0.9779188804954738,0.997564126372158
0,0.0,0.14297161215472562,0.26,0.1343238707182419,0.03958294645243397
1,1.0,0.9886477018805641,0.996,0.9948825672935214,0.9993910315930394
0,0.2654157269976732,0.19366442116779517,0.464,0.30769338272182284,0.2956486140920833
0,0.0,0.07670085764303997,0.016,0.03090028588101332,0.0024358736278420907
1,1.0,0.9951908057314726,0.972,0.9890636019104909,0.9957372211512764
0,0.0,0.008653203061253735,0.004,0.004217734353751245,0.0006089684069605227
1,1.0,0.9108276897434242,0.908,0.9396092299144748,0.985993726639908
0,0.0,0.07668185627443445,0.02,0.032227285424811486,0.0030448420348026133
0,0.0,0.016663791493975542,0.012,0.009554597164658514,0.001826905220881568
1,1.0,0.9107563125676198,0.796,0.9022521041892068,0.9689426112450134
0,0.0,0.03671232945982688,0.02,0.018904109819942293,0.0030448420348026133
1,0.28854032445195366,0.3027250759970609,0.344,0.3117551334830048,0.29698362201921397
1,1.0,0.9866783425651859,0.972,0.9862261141883953,0.9957372211512764
1,1.0,0.9878682616382546,0.976,0.9879560872127516,0.9963461895582368
0,0.0,0.0004296539038429802,0.0,0.00014321796794766007,0.0
0,0.2793516625701371,0.9222452030447564,0.688,0.6298656218716311,0.34156514433306956
1,1.0,0.9358052290137898,0.948,0.9612684096712633,0.9920834107095132
1,1.0,0.9559321677666038,0.924,0.9599773892555347,0.9884296002677501
1,1.0,0.9533279964813702,0.976,0.97644266549379,0.9963461895582368
0,0.0,0.09170658347321528,0.096,0.06256886115773842,0.014615241767052544
1,0.28854032445195366,0.3027250759970609,0.344,0.3117551334830048,0.29698362201921397
1,1.0,0.9308660398556984,0.896,0.9422886799518994,0.9841668214190264
0,0.0,0.008569905109562364,0.0,0.002856635036520788,0.0
0,2.5859239836323584e-07,0.27732225721417375,0.18,0.1524408386021907,0.02740379753697166
0,0.0,0.07429047791163697,0.012,0.028763492637212323,0.001826905220881568
0,0.0,0.07673760404225156,0.18,0.08557920134741719,0.027403578313223518
1,0.8297802050111464,0.7933359866295223,0.864,0.8290387305468895,0.8349898985213658
0,0.0,0.018947031002443826,0.164,0.06098234366748128,0.024967704685381432
0,0.0,0.07439208326262688,0.024,0.0327973610875423,0.003653810441763136
1,1.0,0.9930698456976955,1.0,0.9976899485658985,1.0
0,0.0,0.08128045345342713,0.008,0.02976015115114238,0.0012179368139210453
1,1.0,0.9999982198201939,0.996,0.998666073273398,0.9993910315930394
1,1.0,0.9959515369534375,0.98,0.9919838456511458,0.9969551579651974
0,0.0,0.07449766394559189,0.056,0.043499221315197296,0.008525557697447318
0,0.0,0.07444622843355278,0.172,0.08214874281118426,0.026185641499302473
0,0.0,0.07662343031807017,0.008,0.028207810106023395,0.0012179368139210453
0,0.0,0.07150251263845533,0.048,0.03983417087948511,0.007307620883526272
0,0.0,0.054490387343987055,0.032,0.028830129114662355,0.004871747255684181
0,0.0,0.08131388007402146,0.18,0.08710462669134049,0.027403578313223518
0,2.0460744265408815e-07,0.07423258129816027,0.292,0.12207759530186764,0.044454867165693704
1,1.0,0.9405875391450038,0.78,0.9068625130483347,0.9665067376171713
0,0.0,0.0011077657916515181,0.004,0.0017025885972171727,0.0006089684069605227
1,0.7317289938378564,0.9083934913306915,0.824,0.8213741617228493,0.7457765257456577
0,0.0,0.07421648014579287,0.016,0.030072160048597623,0.0024358736278420907
0,0.5953241956440873,0.09912142900368645,0.376,0.3568152082159246,0.5619338191367679
1,1.0,0.9841427895025767,0.996,0.9933809298341923,0.9993910315930394
1,1.0,0.9698653977860304,0.94,0.9699551325953434,0.9908654738955922
1,0.26758200107005786,0.9287069354972369,0.452,0.5494296455224316,0.2956581848258614
1,1.0,0.9656388177416688,0.924,0.963212939247223,0.9884296002677501
1,1.0,0.9308450198014244,0.892,0.9409483399338082,0.9835578530120659
0,0.0,0.20678391678926086,0.112,0.10626130559642029,0.017051115394894636
0,0.0,0.04873236827618127,0.268,0.10557745609206043,0.040800883266355024
1,1.0,0.6803477693020714,0.696,0.7921159231006905,0.9537184010710003
0,0.08786779454195726,0.2592285303526618,0.212,0.18636544163153967,0.10676594239452741
1,1.0,0.994990852894836,1.0,0.9983302842982787,1.0
0,0.0,0.2501920195939624,0.188,0.14606400653132082,0.028621515127144566
1,1.0,0.9884507243258596,0.988,0.9921502414419532,0.9981730947791184
1,1.0,0.9845297254317216,0.972,0.9855099084772405,0.9957372211512764
0,0.0,0.010415679594990271,0.008,0.0061385598649967565,0.0012179368139210453
0,0.0,0.0011772708562049592,0.012,0.004392423618734986,0.001826905220881568
0,5.9546422304348174e-08,0.08131441193292527,0.144,0.07510482382644919,0.021922913131528637
1,1.0,0.9358103612642354,0.9,0.9452701204214118,0.984775789825987
1,1.0,0.9258260825315041,0.94,0.9552753608438347,0.9908654738955922
0,0.0,0.07441383379085528,0.012,0.028804611263618426,0.001826905220881568
0,0.0,0.07452371826363989,0.06,0.0448412394212133,0.00913452610440784
0,0.0,0.074524509161632,0.08,0.051508169720544006,0.012179368139210453
1,1.0,0.9570786411892719,0.98,0.9790262137297573,0.9969551579651974
1,1.0,0.9405945539976527,0.868,0.9361981846658841,0.9799040425703027
1,1.0,0.9894213468110105,0.812,0.9338071156036701,0.9713784848728555
1,0.5600120615320645,0.64575579005774,0.612,0.6059226171966015,0.5679268145495596
1,1.0,0.9877249051943604,1.0,0.9959083017314535,1.0
0,2.2501629139661115e-08,0.0744584202883565,0.012,0.028819480929995214,0.001826924296815395
1,0.4978195283035672,0.4442658962961961,0.568,0.503361808199921,0.5085039508157458
1,1.0,0.9405996688472928,0.912,0.9508665562824309,0.9866026950468685
0,0.0,0.01830260625765854,0.024,0.014100868752552847,0.003653810441763136
0,0.0,0.08128986535751226,0.068,0.049763288452504086,0.010352462918328887
0,0.08550089231323284,0.056658644578486586,0.208,0.11671984563057314,0.10415041392875687
1,1.0,0.9107381891002762,0.964,0.9582460630334254,0.9945192843373554
0,0.0,0.1934038251943246,0.128,0.10713460839810822,0.019486989022736725
0,1.7234121556367953e-08,0.07668359804824672,0.044,0.04022787176078942,0.006698667086928418
1,1.0,0.9212380219813877,0.828,0.9164126739937958,0.9738143585006975
0,0.0,0.034277428327210195,0.06,0.0314258094424034,0.00913452610440784
0,0.0,0.09166579611972987,0.06,0.050555265373243286,0.00913452610440784
1,1.0,0.9556693361390055,0.988,0.9812231120463352,0.9981730947791184
1,1.0,0.9308142862597468,0.912,0.9476047620865823,0.9866026950468685
1,1.0,0.9861542516574637,0.944,0.9767180838858213,0.9914744423025528
1,0.18033948656821924,0.4377347864712213,0.112,0.24335809101314687,0.16993533950123213
1,1.0,0.999991707688952,0.904,0.9679972358963173,0.9853847582329475
0,0.0,0.06122163809210291,0.024,0.028407212697367637,0.003653810441763136
1,0.4978195283035672,0.4442658962961961,0.568,0.503361808199921,0.5085039508157458
0,0.0,0.24676632217426148,0.088,0.11158877405808716,0.013397304953131498
1,1.0,0.9638224835437765,0.976,0.9799408278479255,0.9963461895582368
0,0.0,0.03651315203875781,0.244,0.09350438401291927,0.037147072824591884
0,0.0,0.03671232945982688,0.02,0.018904109819942293,0.0030448420348026133
0,0.38116160975257624,0.021847329403047656,0.352,0.25166964638520795,0.37672198499371856
0,0.0,0.07432150496331628,0.048,0.040773834987772095,0.007307620883526272
1,1.0,0.9108106737903621,0.908,0.9396035579301207,0.985993726639908
1,1.0,0.9999892514091818,0.996,0.9986630838030606,0.9993910315930394
1,0.43667451499676424,0.5177170709155866,0.568,0.5074638619707836,0.45666778284569887
0,0.0,0.007242699851992634,0.02,0.009080899950664212,0.0030448420348026133
1,1.0,0.9922457541526264,0.98,0.9907485847175422,0.9969551579651974
1,1.0,0.9308619157438864,0.996,0.9756206385812956,0.9993910315930394
1,1.0,0.9855288285860261,0.98,0.9885096095286753,0.9969551579651974
0,0.41426695321278206,0.12611731342072885,0.424,0.3214614222111703,0.41574873271200313
1,0.9999999317146202,0.9108495475213539,0.948,0.9529498264119914,0.9920833528200431
0,1.347118241716814e-08,0.04690549582703648,0.0,0.015635169766072966,1.142030129305377e-08
0,0.0,0.07667572944954733,0.044,0.040225243149849106,0.006698652476565749
1,1.0,0.9308460301912699,0.8,0.9102820100637565,0.9695515796519739
1,1.0,0.993766909417907,0.964,0.9859223031393024,0.9945192843373554
1,0.9999998463643309,0.9107776293297443,0.812,0.907592491898025,0.9713783546270036
0,0.0,0.09163679111263018,0.208,0.09987893037087674,0.03166635716194718
1,1.0,0.9405643488969495,0.804,0.9148547829656498,0.9701605480589344
1,0.9999999410251558,0.9307976799392677,0.952,0.9609325403214745,0.9926923291200838
1,1.0,0.9647053530803636,0.912,0.9589017843601212,0.9866026950468685
1,0.09130095852689546,0.22729309611833223,0.352,0.22353135154840922,0.1309903285223984
0,0.0,0.009404904557013986,0.008,0.005801634852337995,0.0012179368139210453
0,0.0,0.00037733143072072624,0.004,0.0014591104769069087,0.0006089684069605227
1,0.7317289938378564,0.9083934913306915,0.824,0.8213741617228493,0.7457765257456577
0,0.0,0.07424776397039058,0.116,0.06341592132346353,0.01766008380185516
0,0.0,0.009681239242723827,0.048,0.01922707974757461,0.007307620883526272
1,1.0,0.9375098637489168,0.932,0.9565032879163056,0.9896475370816712
0,0.0,0.16738426538609658,0.196,0.1211280884620322,0.029839451941065614
1,1.0,0.949705179591244,0.988,0.9792350598637479,0.9981730947791184
0,3.3431653079289943e-08,0.07430740219913658,0.056,0.04343581187692989,0.008525586039395268
1,1.0,0.9783040486102355,0.996,0.9914346828700785,0.9993910315930394
1,1.0,0.9358617930707874,0.816,0.9172872643569291,0.971987453279816
1,1.0,0.9802748856244236,0.996,0.9920916285414746,0.9993910315930394
1,0.36298435886799063,0.4839178072777262,0.652,0.49963405538190564,0.4069847075096991
1,1.0,0.9948309490873516,0.884,0.9596103163624505,0.9823399161981449
1,0.9999998546148663,0.9308184690711395,0.888,0.9396061078953353,0.98294876135371
1,0.7307896750429547,0.24632612005402443,0.68,0.552371931698993,0.723057348167717
1,0.6372412652863839,0.7890576824717652,0.8,0.7420996492527164,0.6620199971357492
0,1.3326390659997482e-07,0.07671832141799906,0.288,0.12157281822730188,0.043845838276687005
1,1.0,0.9963235023252798,0.992,0.9961078341084266,0.998782063186079
1,1.0,0.9496738246377284,0.884,0.9445579415459094,0.9823399161981449
0,0.08234012234368693,0.026602852973463414,0.028,0.045647658439050116,0.0740672679092682
1,1.0,0.9497255605373832,0.964,0.9712418535124611,0.9945192843373554
1,1.0,0.9821509260468606,0.972,0.9847169753489536,0.9957372211512764
1,1.0,0.9497268491602842,0.944,0.9645756163867615,0.9914744423025528
1,0.3638321510367838,0.2611123234750481,0.344,0.32298149150394395,0.3608128626809161
0,0.0,0.003991836077736769,0.076,0.02666394535924559,0.011570399732249931
0,0.0,0.07448435502144421,0.256,0.11016145167381475,0.03897397804547345
1,1.0,0.9835226039594838,0.948,0.9771742013198278,0.9920834107095132
1,1.0,0.9308179051129102,0.932,0.9542726350376367,0.9896475370816712
1,1.0,0.9861542516574637,0.944,0.9767180838858213,0.9914744423025528
0,0.0,0.007226149494353927,0.0,0.0024087164981179757,0.0
1,1.0,0.9963056309898609,0.972,0.9894352103299536,0.9957372211512764
1,1.0,0.9685847844367866,0.98,0.9828615948122622,0.9969551579651974
1,1.0,0.9676784584695614,0.964,0.977226152823187,0.9945192843373554
1,1.0,0.9497278462169417,0.952,0.9672426154056472,0.9926923791164738
0,0.0,0.07449915727918334,0.248,0.10749971909306111,0.037756041231552406
0,0.0,0.0030001436936407592,0.032,0.01166671456454692,0.004871747255684181
1,1.0,0.9930073209099062,0.992,0.9950024403033021,0.998782063186079
0,0.0,0.07425072539331075,0.016,0.030083575131103584,0.0024358736278420907
1,1.0,0.7732686917888387,0.696,0.8230895639296129,0.9537184010710003
1,0.0,0.008850410813161992,0.056,0.021616803604387332,0.008525557697447318
1,1.0,0.9824975007611969,0.936,0.9728325002537322,0.9902565054886316
1,1.0,0.9533279964813702,0.976,0.97644266549379,0.9963461895582368
0,0.0,0.008565986797949232,0.008,0.005521995599316411,0.0012179368139210453
1,0.3885010574312543,0.1835944980594936,0.172,0.24803185183024926,0.3555404814189594
1,1.0,0.9826100790367723,0.976,0.9862033596789241,0.9963461895582368
1,0.5810328874500221,0.05973316489954182,0.38,0.34025535078318797,0.5504272181457437
1,0.9999999765677028,0.9957700065509008,0.98,0.9919233277062012,0.9969551381002824
1,1.0,0.9405717057795366,0.996,0.9788572352598456,0.9993910315930394
1,1.0,0.9497649166633839,0.832,0.927254972221128,0.9744233269076581
0,0.0,0.09175087206644357,0.036,0.042583624022147853,0.005480715662644704
0,0.0,0.08136903356758049,0.06,0.047123011189193494,0.00913452610440784
1,0.6368154544027465,0.647691770889649,0.692,0.6588357417641318,0.6452168656080465
1,1.0,0.9851251791857596,0.992,0.9923750597285865,0.998782063186079
1,1.0,0.9308432398779791,0.976,0.968947746625993,0.9963461895582368
1,0.9034035541066012,0.9748443484890258,0.908,0.928749300865209,0.9041033266899471
1,1.0,0.9443426142361365,0.944,0.9627808714120455,0.9914744423025528
1,1.0,0.9358921496944571,0.948,0.9612973832314857,0.9920834107095132
0,0.0,0.025630807056823857,0.052,0.02587693568560795,0.007916589290486794
0,0.0,0.07664624795621915,0.116,0.06421541598540638,0.01766008380185516
0,0.0,0.004339248545488611,0.06,0.021446416181829537,0.00913452610440784
0,0.0,0.008783579613734471,0.016,0.008261193204578158,0.0024358736278420907
1,0.7350300092736284,0.9626864735971955,0.768,0.8219054942902746,0.7400494299561639
0,0.0,0.0037023376204802596,0.04,0.01456744587349342,0.006089684069605227
0,0.0,0.0030001436936407592,0.032,0.01166671456454692,0.004871747255684181
0,0.0842322575118287,0.5470899860288103,0.428,0.3531074145135464,0.1365681811386879
0,0.0,0.2054255227956825,0.108,0.1044751742652275,0.01644214698793411
0,0.0,0.07451270841319141,0.008,0.02750423613773047,0.0012179368139210453
0,0.0,0.09168447284648357,0.312,0.13456149094882786,0.04749953574292077
1,1.0,0.9155430042677042,0.948,0.9545143347559014,0.9920834107095132
1,1.0,0.9499227369384904,0.984,0.9779742456461635,0.997564126372158
1,1.0,0.9762946240441599,0.996,0.9907648746813867,0.9993910315930394
1,0.9133386511455786,0.9806249086557155,0.808,0.9006545199337648,0.8973016735007052
0,0.9205804969883792,0.9089655820223885,0.724,0.8511820263369225,0.8906526689657489
0,0.0,0.008422931493624646,0.004,0.0041409771645415485,0.0006089684069605227
0,0.0,0.0021030924713477655,0.012,0.004701030823782588,0.001826905220881568
0,0.0,0.0742694060578543,0.028,0.034089802019284764,0.004262778848723659
0,0.0,0.07672524167778486,0.044,0.040241747225928284,0.006698652476565749
1,1.0,0.9496972463668661,0.992,0.9805657487889553,0.998782063186079
1,1.0,0.9358436060031652,0.98,0.9719478686677218,0.9969551579651974
1,1.0,0.935838873377496,0.9,0.9452796244591654,0.984775789825987
1,1.0,0.9613530540965533,0.984,0.9817843513655178,0.997564126372158
1,1.0,0.9999993335101071,0.988,0.9959997778367023,0.9981730947791184
0,0.0,0.00020408266163984186,0.004,0.0014013608872132809,0.0006089684069605227
0,0.0,0.07431893063362062,0.036,0.03677297687787354,0.005480715662644704
0,0.5977839938966119,0.8519141177623082,0.828,0.7592327038863066,0.6328325625200104
0,0.0,0.002856673569284783,0.016,0.006285557856428261,0.0024358736278420907
1,1.0,0.9108276897434242,0.908,0.9396092299144748,0.985993726639908
0,0.9205804969883792,0.9089655820223885,0.724,0.8511820263369225,0.8906526689657489
1,1.0,0.9949618003112021,0.992,0.9956539334370674,0.998782063186079
1,1.0,0.9358204370570264,0.948,0.9612734790190087,0.9920834107095132
0,0.0,0.07444617371076177,0.08,0.05148205790358726,0.012179368139210453
1,1.0,0.999991707688952,0.904,0.9679972358963173,0.9853847582329475
1,1.0,0.9907057266312682,0.992,0.9942352422104227,0.998782063186079
1,1.0,0.9858442306343601,0.948,0.97794807687812,0.9920834107095132
0,0.0,0.0033503825587549115,0.024,0.009116794186251638,0.003653810441763136
1,1.0,0.9275194735743487,0.604,0.843839824524783,0.9397121277109083
1,0.4403047545639754,0.5,0.644,0.5281015848546584,0.47131574684362754
0,0.0,0.08138156634616205,0.104,0.06179385544872068,0.01583317858097359
1,1.0,0.9631215703752848,0.98,0.9810405234584283,0.9969551579651974
0,0.0,0.0744558532895348,0.032,0.035485284429844936,0.004871747255684181
0,0.0,0.0008551437691606404,0.004,0.0016183812563868802,0.0006089684069605227
1,1.0,0.9897551716156019,0.98,0.9899183905385339,0.9969551579651974
1,1.0,0.9568978917592693,0.944,0.9669659639197564,0.9914744423025528
1,1.0,0.9948309490873516,0.884,0.9596103163624505,0.9823399161981449
1,1.0,0.9497389768179242,0.968,0.9725796589393081,0.9951282527443158
1,1.0,0.9405560659396383,0.856,0.9321853553132127,0.9780771373494213
1,1.0,0.9556354228907886,0.968,0.9745451409635962,0.9951282527443158
0,0.0,0.0856415246353578,0.116,0.06721384154511927,0.01766008380185516
1,1.0,0.9999998376146936,0.976,0.9919999458715645,0.9963461895582368
1,1.0,0.9308356578777921,0.864,0.931611885959264,0.9792950741633423
0,0.0,0.07662493572356979,0.028,0.03487497857452326,0.004262778848723659
1,1.0,0.9497394443170437,0.912,0.9539131481056812,0.9866026950468685
0,0.0,0.030428836003719487,0.088,0.03947627866790649,0.013397304953131498
0,0.0,0.0916558526171965,0.044,0.045218617539065496,0.006698652476565749
1,1.0,0.9966868893426591,1.0,0.9988956297808863,1.0
1,1.0,0.9841111636385863,0.988,0.9907037212128621,0.9981730947791184
1,1.0,0.9505068294552463,0.804,0.9181689431517488,0.9701605480589344
1,1.0,0.9081519031040395,0.984,0.9640506343680132,0.997564126372158
1,1.0,0.9497336113030044,0.908,0.9525778704343347,0.985993726639908
0,0.0,0.07256676228178686,0.008,0.026855587427262285,0.0012179368139210453
1,0.7678912244750813,0.8979275985241244,0.868,0.8446062743330686,0.783131994863626
1,1.0,0.9846307024127843,0.944,0.9762102341375947,0.9914744423025528
0,0.0,0.0009328501266445285,0.0,0.00031095004221484284,0.0
1,1.0,0.9358148087712485,0.968,0.9679382695904161,0.9951282527443158
1,1.0,0.9951695306012605,0.98,0.9917231768670868,0.9969551579651974
0,0.0,0.0767340305145219,0.264,0.1135780101715073,0.040191914859394495
0,0.0,0.07422978705695932,0.128,0.06740992901898644,0.019486989022736725
0,0.0,0.091595584300679,0.032,0.04119852810022633,0.004871747255684181
0,0.0,0.036100275626369104,0.0,0.012033425208789701,0.0
1,1.0,0.9626094523318538,0.944,0.9688698174439513,0.9914744423025528
0,0.0,0.01181626754213653,0.012,0.007938755847378845,0.001826905220881568
0,0.0,0.02096583033679319,0.004,0.008321943445597729,0.0006089684069605227
1,1.0,0.9358571305698637,0.92,0.9519523768566213,0.9878206318607896
0,0.0,0.058800985234331395,0.016,0.024933661744777135,0.0024358736278420907
0,0.0,0.05950186317015928,0.0,0.01983395439005309,0.0
0,0.0,0.0917616186145964,0.02,0.03725387287153214,0.0030448420348026133
1,1.0,0.9698224639471018,0.976,0.9819408213157006,0.9963461895582368
0,0.0,0.012528097434682545,0.02,0.010842699144894183,0.0030448420348026133
0,0.0,0.00030454852440296,0.0,0.00010151617480098667,0.0
1,1.0,0.9497667577367758,0.956,0.968588919245592,0.9933013475234342
1,1.0,0.9647053530803636,0.912,0.9589017843601212,0.9866026950468685
0,0.0,0.07451693780667422,0.028,0.03417231260222474,0.004262778848723659
1,1.0,0.9888547079017879,0.86,0.9496182359672626,0.9786861057563817
0,0.0,0.04116027178731322,0.1,0.04705342392910441,0.015224210174013068
0,0.0,0.006113462403068367,0.0,0.002037820801022789,0.0
1,1.0,0.9107246774092889,0.864,0.9249082258030962,0.9792950741633423
0,0.0,0.0687140642760551,0.036,0.03490468809201836,0.005480715662644704
0,0.0,0.08139275872447757,0.036,0.03913091957482586,0.005480715662644704
0,0.0,0.26635438783614396,0.204,0.1567847959453813,0.031057388754986655
1,1.0,0.985687140841026,0.996,0.9938957136136753,0.9993910315930394
0,3.490120885900559e-08,0.035944019665092114,0.016,0.017314684855433658,0.0024359032156175595
0,0.0,0.003991836077736769,0.076,0.02666394535924559,0.011570399732249931
0,0.0,0.07670008966847776,0.096,0.05756669655615926,0.014615241767052544
0,0.0,0.009013591593596043,0.008,0.005671197197865348,0.0012179368139210453
1,1.0,0.9405621262951167,0.912,0.9508540420983723,0.9866026950468685
0,0.0,0.00420727485516837,0.036,0.013402424951722789,0.005480715662644704
1,1.0,0.9493042431947447,0.764,0.9044347477315816,0.9640708639893292
1,0.4403047545639754,0.5,0.644,0.5281015848546584,0.47131574684362754
1,1.0,0.9108168194154879,0.9,0.9369389398051626,0.984775789825987
1,1.0,0.923687785182665,0.916,0.9465625950608884,0.987211663453829
0,2.5859239836323584e-07,0.27732225721417375,0.18,0.1524408386021907,0.02740379753697166
1,0.537201618948201,0.10688120656979978,0.568,0.4040276085060002,0.5418904292097203
0,0.0,0.07419458352369553,0.06,0.044731527841231834,0.00913452610440784
1,1.0,0.9107334085647454,0.86,0.9235778028549152,0.9786861057563817
1,1.0,0.9638224835437765,0.976,0.9799408278479255,0.9963461895582368
1,1.0,0.9405729726832265,0.952,0.9641909908944087,0.9926923791164738
0,0.0,0.07672262285953782,0.12,0.06557420761984593,0.01826905220881568
1,1.0,0.9855163833499205,0.96,0.9818387944499735,0.9939103159303948
0,0.0,0.07671217647269796,0.184,0.08690405882423265,0.028012546720184044
1,1.0,0.9307752683724303,0.7,0.8769250894574766,0.9543273694779608
1,0.9999999317146202,0.9108495475213539,0.948,0.9529498264119914,0.9920833528200431
0,0.0,0.08587822943185683,0.272,0.11929274314395229,0.04140985167331555
0,0.0,0.0033503825587549115,0.024,0.009116794186251638,0.003653810441763136
0,1.390670395640016e-07,0.1778878274890686,0.156,0.11129598885203605,0.02374988576664156
1,1.0,0.9811386853965282,0.98,0.9870462284655094,0.9969551579651974
1,1.0,0.9846307024127843,0.944,0.9762102341375947,0.9914744423025528
0,0.0,0.015481192169489991,0.08,0.031827064056496664,0.012179368139210453
0,0.0,0.07417608803617161,0.16,0.07805869601205721,0.024358736278420907
0,0.0,0.0024784867572050463,0.0,0.0008261622524016821,0.0
0,0.0,0.03223754565369164,0.044,0.025412515217897214,0.006698652476565749
0,0.0,0.08134553063287225,0.172,0.08444851021095741,0.026185641499302473
0,0.0,0.0917616186145964,0.02,0.03725387287153214,0.0030448420348026133
1,1.0,0.9865310669251244,0.984,0.9901770223083748,0.997564126372158
1,0.6368154544027465,0.647691770889649,0.692,0.6588357417641318,0.6452168656080465
1,1.0,0.938641732013933,0.996,0.978213910671311,0.9993910315930394
1,1.0,0.9682851533290951,0.912,0.9600950511096983,0.9866026950468685
1,1.0,0.9510520315556049,0.98,0.9770173438518683,0.9969551579651974
0,0.0,0.020021922506572153,0.004,0.008007307502190718,0.0006089684069605227
1,1.0,0.9418000667128044,0.996,0.9792666889042682,0.9993910315930394
0,0.0,0.08061318200350204,0.024,0.03487106066783401,0.003653810441763136
1,1.0,0.9683212188451297,0.96,0.9761070729483765,0.9939103159303948
1,0.8199981823441987,0.9517150272861585,0.868,0.879904403210119,0.8273060799514644
1,1.0,0.9558184848322347,0.888,0.9479394949440781,0.9829488846051054
1,1.0,0.9845087984207394,0.956,0.9801695994735797,0.9933013475234342
0,0.0,0.0766928355257818,0.064,0.04689761184192726,0.009743494511368363
1,1.0,0.9308696596760542,0.952,0.9609565532253513,0.9926923791164738
1,1.0,0.9965041124833588,0.984,0.9935013708277863,0.997564126372158
1,1.0,0.9504148850012546,0.972,0.9741382950004182,0.9957372211512764
0,2.692478073172905e-08,0.0916885955070342,0.02,0.037229540810604984,0.0030448648604981376
1,1.0,0.9934628911894368,0.992,0.9951542970631456,0.998782063186079
1,1.0,0.9358330405101183,0.984,0.9732776801700395,0.997564126372158
0,0.0,0.06729968098263162,0.008,0.02509989366087721,0.0012179368139210453
0,0.0,0.00875151905535429,0.04,0.016250506351784762,0.006089684069605227
0,0.0,0.004590786447393148,0.012,0.005530262149131049,0.001826905220881568
0,0.0,0.01656256193693664,0.076,0.030854187312312212,0.011570399732249931
1,1.0,0.9489947187650781,0.904,0.9509982395883593,0.9853847582329475
0,0.3419952025914433,0.47334678300834676,0.48,0.4317806618665967,0.3630053429991429
1,1.0,0.9667331907178934,0.824,0.9302443969059645,0.973205390093737
0,0.0,0.0742668691129195,0.084,0.05275562303763984,0.012788336546170977
0,0.0,0.0009328501266445285,0.0,0.00031095004221484284,0.0
1,1.0,0.9308767342754051,0.948,0.9596255780918016,0.9920834107095132
0,0.0,0.010568336851785385,0.012,0.007522778950595129,0.001826905220881568
1,0.6944442408657299,0.4046314116305411,0.64,0.5796918841654236,0.6861555352086853
0,0.2793516625701371,0.9222452030447564,0.688,0.6298656218716311,0.34156514433306956
1,1.0,0.9743549636397448,0.992,0.988784987879915,0.998782063186079
0,0.0,0.07440943015850963,0.032,0.035469810052836545,0.004871747255684181
0,0.0,0.0856415246353578,0.116,0.06721384154511927,0.01766008380185516
0,0.47458487525729187,0.4822068023118739,0.516,0.49093055918972195,0.48089000089195144
0,2.0460744265408815e-07,0.07423258129816027,0.292,0.12207759530186764,0.044454867165693704
1,1.0,0.9622888387558677,0.764,0.9087629462519559,0.9640708639893292
1,0.16950310164642682,0.0843763127849498,0.28,0.1779598048104589,0.1863253816875404
0,0.0,0.07662567391094992,0.068,0.048208557970316646,0.010352462918328887
0,0.0,9.216844878638113e-05,0.0,3.0722816262127045e-05,0.0
1,1.0,0.9741817779205387,0.968,0.9807272593068462,0.9951282527443158
0,0.0,0.07674259116640625,0.22,0.09891419705546874,0.03349326238282875
1,1.0,0.9358656465190812,0.968,0.9679552155063603,0.9951282527443158
1,1.0,0.9939235542795135,0.992,0.9953078514265045,0.998782063186079
0,0.0,0.012326086989307749,0.004,0.005442028996435917,0.0006089684069605227
0,0.0,0.0856415246353578,0.116,0.06721384154511927,0.01766008380185516
1,1.0,0.9307879667930764,0.888,0.9395959889310254,0.9829488846051054
1,1.0,0.9951582706667119,0.98,0.9917194235555705,0.9969551579651974
1,1.0,0.9660294015752658,0.872,0.9460098005250885,0.9805130109772633
1,1.0,0.9999994627598905,0.988,0.9959998209199634,0.9981730947791184
0,0.0,0.09167025238720483,0.12,0.07055675079573494,0.01826905220881568
1,1.0,0.9108060642820196,0.948,0.9529353547606733,0.9920834107095132
0,0.26885321235537346,0.17742131419116694,0.08,0.17542484218218013,0.2401018023860162
1,1.0,0.9367148357778248,0.9,0.9455716119259416,0.984775789825987
1,0.43667451499676424,0.5177170709155866,0.568,0.5074638619707836,0.45666778284569887
1,1.0,0.9405903470935889,0.904,0.9481967823645295,0.9853847582329475
1,0.9999999730733854,0.9406193753611702,0.772,0.9042064494781853,0.965288777976
0,0.2793516625701371,0.9222452030447564,0.688,0.6298656218716311,0.34156514433306956
0,0.0,0.0916437191839177,0.052,0.04788123972797256,0.007916589290486794
0,0.0,0.07421648014579287,0.016,0.030072160048597623,0.0024358736278420907
0,0.0,0.043309229396189745,0.016,0.01976974313206325,0.0024358736278420907
1,0.7479852240310897,0.060969906515978264,0.376,0.39498504351568925,0.6913534117083232
1,1.0,0.9406644810174486,0.952,0.9642214936724828,0.9926923791164738
0,0.0,0.051795477509396934,0.004,0.01859849250313231,0.0006089684069605227
0,0.08264121982178863,0.03736736765768652,0.072,0.06400286249315838,0.08102117815104079
1,1.0,0.9405981511947027,0.768,0.9028660503982341,0.9646798323962897
0,0.0,0.028906225529288006,0.008,0.012302075176429334,0.0012179368139210453
0,0.17834493685663372,0.0681505349392949,0.272,0.17283182393197624,0.19260318050818445
0,0.0,0.07418626133732953,0.024,0.03272875377910984,0.003653810441763136
0,0.0,0.0036355050234451796,0.024,0.009211835007815061,0.003653810441763136
0,0.0,0.08136044773912413,0.048,0.043120149246374716,0.007307620883526272
0,0.08550089231323284,0.056658644578486586,0.208,0.11671984563057314,0.10415041392875687
0,0.0,0.07417210044165373,0.156,0.07672403348055125,0.023749767871460385
0,0.0,0.006559696697951525,0.016,0.007519898899317176,0.0024358736278420907
1,1.0,0.9107460808964701,0.94,0.9502486936321567,0.9908654738955922
0,0.47458487525729187,0.4822068023118739,0.516,0.49093055918972195,0.48089000089195144
1,1.0,0.9358726272547041,0.952,0.9626242090849013,0.9926923791164738
1,1.0,0.9999927760817275,0.98,0.9933309253605759,0.9969551579651974
0,0.0,0.03671232945982688,0.02,0.018904109819942293,0.0030448420348026133
1,1.0,0.9190111958445556,0.924,0.9476703986148518,0.9884296002677501
1,1.0,0.980101265612641,0.94,0.973367088537547,0.9908654738955922
1,1.0,0.9358718865655324,0.932,0.9559572955218442,0.9896475370816712
1,1.0,0.9964738068322512,0.952,0.9828246022774171,0.9926923791164738
1,1.0,0.9947788042500343,0.988,0.9942596014166781,0.9981730947791184
0,0.0,0.08133760871372643,0.012,0.03111253623790881,0.001826905220881568
1,1.0,0.9358571305698637,0.92,0.9519523768566213,0.9878206318607896
0,0.5977839938966119,0.8519141177623082,0.828,0.7592327038863066,0.6328325625200104
0,0.47726742230540004,0.971941238220253,0.808,0.7524028868418844,0.5276188450475571
0,0.7300038220120221,0.5232354227403766,0.612,0.6217464149174662,0.7120386721355435
